tempo,mao,angulo,velocidade_px_s,tempo_up_s
0.52,Right,0.00,0.00,0.00
0.52,Left,0.00,0.00,0.00
0.59,Right,0.00,0.00,0.00
0.59,Left,0.00,0.00,0.00
0.64,Right,0.00,0.00,0.00
0.64,Left,0.00,0.00,0.00
0.69,Right,0.00,0.00,0.00
0.69,Left,0.00,0.00,0.00
0.74,Right,0.00,0.00,0.00
0.74,Left,0.00,0.00,0.00
0.79,Right,0.00,0.00,0.00
0.79,Left,0.00,0.00,0.00
0.84,Right,0.00,0.00,0.00
0.84,Left,0.00,0.00,0.00
0.90,Right,0.00,0.00,0.00
0.90,Left,0.00,0.00,0.00
0.95,Right,0.00,0.00,0.00
0.95,Left,0.00,0.00,0.00
1.00,Right,0.00,0.00,0.00
1.00,Left,0.00,0.00,0.00
1.05,Right,0.00,0.00,0.00
1.05,Left,0.00,0.00,0.00
1.10,Right,0.00,0.00,0.00
1.10,Left,0.00,0.00,0.00
1.16,Right,0.00,0.00,0.00
1.16,Left,0.00,0.00,0.00
1.22,Right,0.00,0.00,0.00
1.22,Left,0.00,0.00,0.00
1.27,Right,0.00,0.00,0.00
1.27,Left,0.00,0.00,0.00
1.32,Right,0.00,0.00,0.00
1.32,Left,0.00,0.00,0.00
1.38,Right,0.00,0.00,0.00
1.38,Left,0.00,0.00,0.00
1.43,Right,0.00,0.00,0.00
1.43,Left,0.00,0.00,0.00
1.47,Right,0.00,0.00,0.00
1.47,Left,0.00,0.00,0.00
1.52,Right,0.00,0.00,0.00
1.52,Left,0.00,0.00,0.00
1.58,Right,0.00,0.00,0.00
1.58,Left,0.00,0.00,0.00
1.64,Right,0.00,0.00,0.00
1.64,Left,0.00,0.00,0.00
1.69,Right,0.00,0.00,0.00
1.69,Left,0.00,0.00,0.00
1.74,Right,0.00,0.00,0.00
1.74,Left,0.00,0.00,0.00
1.79,Right,0.00,0.00,0.00
1.79,Left,0.00,0.00,0.00
1.84,Right,0.00,0.00,0.00
1.84,Left,0.00,0.00,0.00
1.89,Right,0.00,0.00,0.00
1.89,Left,0.00,0.00,0.00
1.94,Right,0.00,0.00,0.00
1.94,Left,0.00,0.00,0.00
1.99,Right,0.00,0.00,0.00
1.99,Left,0.00,0.00,0.00
2.04,Right,0.00,0.00,0.00
2.04,Left,0.00,0.00,0.00
2.09,Right,0.00,0.00,0.00
2.09,Left,0.00,0.00,0.00
2.13,Right,0.00,0.00,0.00
2.13,Left,0.00,0.00,0.00
2.18,Right,0.00,0.00,0.00
2.18,Left,0.00,0.00,0.00
2.23,Right,0.00,0.00,0.00
2.23,Left,0.00,0.00,0.00
2.28,Right,0.00,0.00,0.00
2.28,Left,0.00,0.00,0.00
2.32,Right,0.00,0.00,0.00
2.32,Left,0.00,0.00,0.00
2.37,Right,0.00,0.00,0.00
2.37,Left,0.00,0.00,0.00
2.42,Right,0.00,0.00,0.00
2.42,Left,0.00,0.00,0.00
2.47,Right,0.00,0.00,0.00
2.47,Left,0.00,0.00,0.00
2.52,Right,0.00,0.00,0.00
2.52,Left,0.00,0.00,0.00
2.57,Right,0.00,0.00,0.00
2.57,Left,0.00,0.00,0.00
2.61,Right,0.00,0.00,0.00
2.61,Left,0.00,0.00,0.00
2.66,Right,0.00,0.00,0.00
2.66,Left,0.00,0.00,0.00
2.71,Right,0.00,0.00,0.00
2.71,Left,0.00,0.00,0.00
2.76,Right,0.00,0.00,0.00
2.76,Left,0.00,0.00,0.00
2.81,Right,0.00,0.00,0.00
2.81,Left,0.00,0.00,0.00
2.85,Right,0.00,0.00,0.00
2.85,Left,0.00,0.00,0.00
2.90,Right,0.00,0.00,0.00
2.90,Left,0.00,0.00,0.00
2.95,Right,0.00,0.00,0.00
2.95,Left,0.00,0.00,0.00
3.00,Right,0.00,0.00,0.00
3.00,Left,0.00,0.00,0.00
3.05,Right,0.00,0.00,0.00
3.05,Left,0.00,0.00,0.00
3.11,Right,0.00,0.00,0.00
3.11,Left,0.00,0.00,0.00
3.18,Right,0.00,1378.55,0.00
3.18,Left,0.00,0.00,0.00
3.26,Right,0.00,1462.52,0.00
3.26,Left,0.00,0.00,0.00
3.31,Right,0.00,1519.61,0.00
3.31,Left,0.00,0.00,0.00
3.36,Right,0.00,1425.59,0.00
3.36,Left,0.00,0.00,0.00
3.42,Right,0.00,1297.59,0.00
3.42,Left,0.00,0.00,0.00
3.48,Right,0.00,1172.65,0.00
3.48,Left,0.00,0.00,0.00
3.54,Right,0.00,1013.67,0.00
3.54,Left,0.00,0.00,0.00
3.60,Right,0.00,745.29,0.00
3.60,Left,0.00,0.00,0.00
3.66,Right,0.00,697.57,0.00
3.66,Left,0.00,0.00,0.00
3.72,Right,0.00,557.72,0.00
3.72,Left,0.00,0.00,0.00
3.78,Right,0.00,348.55,0.00
3.78,Left,0.00,0.00,0.00
3.84,Right,0.00,293.06,0.00
3.84,Left,0.00,0.00,0.00
3.90,Right,0.00,236.01,0.00
3.90,Left,0.00,0.00,0.00
3.96,Right,0.00,96.41,0.00
3.96,Left,0.00,0.00,0.00
4.02,Right,0.00,105.70,0.00
4.02,Left,0.00,0.00,0.00
4.09,Right,0.00,89.23,0.00
4.09,Left,0.00,0.00,0.00
4.15,Right,0.00,168.83,0.00
4.15,Left,0.00,0.00,0.00
4.21,Right,0.00,181.40,0.00
4.21,Left,0.00,0.00,0.00
4.27,Right,0.00,247.72,0.00
4.27,Left,0.00,0.00,0.00
4.33,Right,0.00,249.85,0.00
4.33,Left,0.00,0.00,0.00
4.39,Right,0.00,244.14,0.00
4.39,Left,0.00,0.00,0.00
4.45,Right,0.00,166.49,0.00
4.45,Left,0.00,0.00,0.00
4.52,Right,0.00,151.44,0.00
4.52,Left,0.00,0.00,0.00
4.57,Right,0.00,124.39,0.00
4.57,Left,0.00,0.00,0.00
4.63,Right,0.00,107.36,0.00
4.63,Left,0.00,0.00,0.00
4.71,Right,0.00,113.81,0.00
4.71,Left,0.00,0.00,0.00
4.77,Right,0.00,177.65,0.00
4.77,Left,0.00,0.00,0.00
4.84,Right,0.00,239.32,0.00
4.84,Left,0.00,0.00,0.00
4.90,Right,0.00,214.29,0.00
4.90,Left,0.00,0.00,0.00
4.96,Right,0.00,241.17,0.00
4.96,Left,0.00,0.00,0.00
5.02,Right,0.00,326.25,0.00
5.02,Left,0.00,0.00,0.00
5.09,Right,0.00,256.30,0.00
5.09,Left,0.00,0.00,0.00
5.14,Right,0.00,200.22,0.00
5.14,Left,0.00,0.00,0.00
5.21,Right,0.00,200.89,0.00
5.21,Left,0.00,0.00,0.00
5.27,Right,0.00,197.08,0.00
5.27,Left,0.00,0.00,0.00
5.33,Right,0.00,119.31,0.00
5.33,Left,0.00,0.00,0.00
5.39,Right,0.00,206.18,0.00
5.39,Left,0.00,0.00,0.00
5.45,Right,0.00,217.00,0.00
5.45,Left,0.00,0.00,0.00
5.52,Right,0.00,202.02,0.00
5.52,Left,0.00,0.00,0.00
5.58,Right,0.00,213.41,0.00
5.58,Left,0.00,0.00,0.00
5.63,Right,0.00,312.86,0.00
5.63,Left,0.00,0.00,0.00
5.70,Right,0.00,227.01,0.00
5.70,Left,0.00,0.00,0.00
5.76,Right,0.00,215.10,0.00
5.76,Left,0.00,0.00,0.00
5.82,Right,0.00,207.01,0.00
5.82,Left,0.00,0.00,0.00
5.88,Right,0.00,185.20,0.00
5.88,Left,0.00,0.00,0.00
5.94,Right,0.00,75.86,0.00
5.94,Left,0.00,0.00,0.00
6.00,Right,0.00,76.93,0.00
6.00,Left,0.00,0.00,0.00
6.06,Right,0.00,101.77,0.00
6.06,Left,0.00,0.00,0.00
6.12,Right,0.00,131.60,0.00
6.12,Left,0.00,0.00,0.00
6.18,Right,0.00,129.60,0.00
6.18,Left,0.00,0.00,0.00
6.24,Right,0.00,191.70,0.00
6.24,Left,0.00,0.00,0.00
6.31,Right,0.00,186.69,0.00
6.31,Left,0.00,0.00,0.00
6.37,Right,0.00,164.31,0.00
6.37,Left,0.00,0.00,0.00
6.43,Right,0.00,139.63,0.00
6.43,Left,0.00,0.00,0.00
6.48,Right,0.00,262.86,0.00
6.48,Left,0.00,0.00,0.00
6.55,Right,0.00,228.02,0.00
6.55,Left,0.00,0.00,0.00
6.60,Right,0.00,291.04,0.00
6.60,Left,0.00,0.00,0.00
6.66,Right,0.00,333.27,0.00
6.66,Left,0.00,0.00,0.00
6.71,Right,0.00,539.42,0.00
6.71,Left,0.00,0.00,0.00
6.78,Right,0.00,539.21,0.00
6.78,Left,0.00,0.00,0.00
6.83,Right,0.00,610.29,0.00
6.83,Left,0.00,0.00,0.00
6.89,Right,0.00,559.33,0.00
6.89,Left,0.00,0.00,0.00
6.96,Right,0.00,546.22,0.00
6.96,Left,0.00,0.00,0.00
7.01,Right,0.00,393.96,0.00
7.01,Left,0.00,0.00,0.00
7.07,Right,0.00,310.03,0.00
7.07,Left,0.00,0.00,0.00
7.13,Right,0.00,238.15,0.00
7.13,Left,0.00,0.00,0.00
7.19,Right,0.00,245.09,0.00
7.19,Left,0.00,0.00,0.00
7.25,Right,0.00,228.20,0.00
7.25,Left,0.00,0.00,0.00
7.30,Right,0.00,171.91,0.00
7.30,Left,0.00,0.00,0.00
7.36,Right,0.00,138.81,0.00
7.36,Left,0.00,0.00,0.00
7.43,Right,0.00,173.33,0.00
7.43,Left,0.00,0.00,0.00
7.49,Right,0.00,158.66,0.00
7.49,Left,0.00,0.00,0.00
7.54,Right,0.00,151.59,0.00
7.54,Left,0.00,0.00,0.00
7.60,Right,0.00,163.18,0.00
7.60,Left,0.00,0.00,0.00
7.66,Right,0.00,209.59,0.00
7.66,Left,0.00,0.00,0.00
7.73,Right,0.00,151.63,0.00
7.73,Left,0.00,0.00,0.00
7.79,Right,0.00,145.91,0.00
7.79,Left,0.00,0.00,0.00
7.86,Right,0.00,146.14,0.00
7.86,Left,0.00,0.00,0.00
7.91,Right,0.00,134.10,0.00
7.91,Left,0.00,0.00,0.00
7.97,Right,0.00,79.61,0.00
7.97,Left,0.00,0.00,0.00
8.03,Right,0.00,69.71,0.00
8.03,Left,0.00,0.00,0.00
8.09,Right,0.00,127.67,0.00
8.09,Left,0.00,0.00,0.00
8.15,Right,0.00,143.21,0.00
8.15,Left,0.00,0.00,0.00
8.21,Right,0.00,144.84,0.00
8.21,Left,0.00,0.00,0.00
8.27,Right,0.00,169.91,0.00
8.27,Left,0.00,0.00,0.00
8.33,Right,0.00,181.80,0.00
8.33,Left,0.00,0.00,0.00
8.39,Right,0.00,120.46,0.00
8.39,Left,0.00,0.00,0.00
8.46,Right,0.00,100.84,0.00
8.46,Left,0.00,0.00,0.00
8.52,Right,0.00,127.47,0.00
8.52,Left,0.00,0.00,0.00
8.59,Right,0.00,102.73,0.00
8.59,Left,0.00,0.00,0.00
8.65,Right,0.00,93.66,0.00
8.65,Left,0.00,0.00,0.00
8.71,Right,0.00,89.29,0.00
8.71,Left,0.00,0.00,0.00
8.77,Right,0.00,110.95,0.00
8.77,Left,0.00,0.00,0.00
8.83,Right,0.00,72.32,0.00
8.83,Left,0.00,0.00,0.00
8.89,Right,0.00,68.71,0.00
8.89,Left,0.00,0.00,0.00
8.95,Right,0.00,91.24,0.00
8.95,Left,0.00,0.00,0.00
9.01,Right,0.00,94.53,0.00
9.01,Left,0.00,0.00,0.00
9.07,Right,0.00,65.15,0.00
9.07,Left,0.00,0.00,0.00
9.13,Right,0.00,74.99,0.00
9.13,Left,0.00,0.00,0.00
9.19,Right,0.00,131.08,0.00
9.19,Left,0.00,0.00,0.00
9.25,Right,0.00,119.08,0.00
9.25,Left,0.00,0.00,0.00
9.33,Right,0.00,119.87,0.00
9.33,Left,0.00,0.00,0.00
9.39,Right,0.00,173.65,0.00
9.39,Left,0.00,0.00,0.00
9.45,Right,0.00,177.24,0.00
9.45,Left,0.00,0.00,0.00
9.51,Right,0.00,128.09,0.00
9.51,Left,0.00,0.00,0.00
9.57,Right,0.00,129.10,0.00
9.57,Left,0.00,0.00,0.00
9.63,Right,0.00,154.18,0.00
9.63,Left,0.00,0.00,0.00
9.69,Right,0.00,115.82,0.00
9.69,Left,0.00,0.00,0.00
9.75,Right,0.00,102.73,0.00
9.75,Left,0.00,0.00,0.00
9.82,Right,0.00,109.62,0.00
9.82,Left,0.00,0.00,0.00
9.88,Right,0.00,102.96,0.00
9.88,Left,0.00,0.00,0.00
9.93,Right,0.00,78.34,0.00
9.93,Left,0.00,0.00,0.00
10.00,Right,0.00,67.19,0.00
10.00,Left,0.00,0.00,0.00
10.06,Right,0.00,93.09,0.00
10.06,Left,0.00,0.00,0.00
10.12,Right,0.00,79.35,0.00
10.12,Left,0.00,0.00,0.00
10.18,Right,0.00,72.49,0.00
10.18,Left,0.00,0.00,0.00
10.24,Right,0.00,72.93,0.00
10.24,Left,0.00,0.00,0.00
10.30,Right,0.00,73.97,0.00
10.30,Left,0.00,0.00,0.00
10.36,Right,0.00,46.84,0.00
10.36,Left,0.00,0.00,0.00
10.41,Right,0.00,41.48,0.00
10.41,Left,0.00,0.00,0.00
10.47,Right,0.00,43.99,0.00
10.47,Left,0.00,0.00,0.00
10.53,Right,0.00,38.46,0.00
10.53,Left,0.00,0.00,0.00
10.59,Right,0.00,28.67,0.00
10.59,Left,0.00,0.00,0.00
10.65,Right,0.00,27.96,0.00
10.65,Left,0.00,0.00,0.00
10.71,Right,0.00,29.29,0.00
10.71,Left,0.00,0.00,0.00
10.77,Right,0.00,36.19,0.00
10.77,Left,0.00,0.00,0.00
10.83,Right,0.00,46.50,0.00
10.83,Left,0.00,0.00,0.00
10.89,Right,0.00,52.50,0.00
10.89,Left,0.00,0.00,0.00
10.95,Right,0.00,164.70,0.00
10.95,Left,0.00,0.00,0.00
11.01,Right,0.00,198.04,0.00
11.01,Left,0.00,0.00,0.00
11.07,Right,0.00,216.13,0.00
11.07,Left,0.00,0.00,0.00
11.13,Right,0.00,246.85,0.00
11.13,Left,0.00,0.00,0.00
11.20,Right,0.00,620.43,0.00
11.20,Left,0.00,0.00,0.00
11.24,Right,0.00,754.64,0.00
11.24,Left,0.00,0.00,0.00
11.30,Right,0.00,810.03,0.00
11.30,Left,0.00,0.00,0.00
11.37,Right,0.00,844.85,0.00
11.37,Left,0.00,0.00,0.00
11.44,Right,0.00,737.36,0.00
11.44,Left,0.00,0.00,0.00
11.48,Right,0.00,635.60,0.00
11.48,Left,0.00,0.00,0.00
11.54,Right,0.00,566.59,0.00
11.54,Left,0.00,0.00,0.00
11.60,Right,0.00,513.58,0.00
11.60,Left,0.00,0.00,0.00
11.66,Right,0.00,294.68,0.00
11.66,Left,0.00,0.00,0.00
11.72,Right,0.00,180.82,0.00
11.72,Left,0.00,0.00,0.00
11.78,Right,0.00,116.18,0.00
11.78,Left,0.00,0.00,0.00
11.83,Right,0.00,114.14,0.00
11.83,Left,0.00,0.00,0.00
11.90,Right,0.00,168.58,0.00
11.90,Left,0.00,0.00,0.00
11.96,Right,0.00,148.39,0.00
11.96,Left,0.00,0.00,0.00
12.02,Right,0.00,170.04,0.00
12.02,Left,0.00,0.00,0.00
12.08,Right,0.00,221.63,0.00
12.08,Left,0.00,0.00,0.00
12.14,Right,0.00,421.93,0.00
12.14,Left,0.00,0.00,0.00
12.20,Right,0.00,404.70,0.00
12.20,Left,0.00,0.00,0.00
12.25,Right,0.00,441.22,0.00
12.25,Left,0.00,0.00,0.00
12.31,Right,0.00,525.88,0.00
12.31,Left,0.00,0.00,0.00
12.37,Right,0.00,483.74,0.00
12.37,Left,0.00,0.00,0.00
12.44,Right,0.00,282.50,0.00
12.44,Left,0.00,0.00,0.00
12.50,Right,0.00,242.98,0.00
12.50,Left,0.00,0.00,0.00
12.56,Right,0.00,285.24,0.00
12.56,Left,0.00,0.00,0.00
12.62,Right,0.00,215.27,0.00
12.62,Left,0.00,0.00,0.00
12.68,Right,0.00,260.15,0.00
12.68,Left,0.00,0.00,0.00
12.73,Right,0.00,292.33,0.00
12.73,Left,0.00,0.00,0.00
12.79,Right,0.00,423.91,0.00
12.79,Left,0.00,0.00,0.00
12.85,Right,0.00,346.56,0.00
12.85,Left,0.00,0.00,0.00
12.91,Right,0.00,296.50,0.00
12.91,Left,0.00,0.00,0.00
12.97,Right,0.00,252.43,0.00
12.97,Left,0.00,0.00,0.00
13.04,Right,0.00,212.96,0.00
13.04,Left,0.00,0.00,0.00
13.08,Right,0.00,279.04,0.00
13.08,Left,0.00,0.00,0.00
13.14,Right,0.00,335.47,0.00
13.14,Left,0.00,0.00,0.00
13.21,Right,0.00,374.00,0.00
13.21,Left,0.00,0.00,0.00
13.28,Right,0.00,405.44,0.00
13.28,Left,0.00,0.00,0.00
13.32,Right,0.00,386.53,0.00
13.32,Left,0.00,0.00,0.00
13.39,Right,0.00,355.73,0.00
13.39,Left,0.00,0.00,0.00
13.44,Right,0.00,320.79,0.00
13.44,Left,0.00,0.00,0.00
13.50,Right,0.00,278.11,0.00
13.50,Left,0.00,0.00,0.00
13.55,Right,0.00,243.39,0.00
13.55,Left,0.00,0.00,0.00
13.61,Right,0.00,203.31,0.00
13.61,Left,0.00,0.00,0.00
13.68,Right,0.00,120.68,0.00
13.68,Left,0.00,0.00,0.00
13.73,Right,0.00,109.37,0.00
13.73,Left,0.00,0.00,0.00
13.78,Right,0.00,112.88,0.00
13.78,Left,0.00,0.00,0.00
13.84,Right,0.00,116.00,0.00
13.84,Left,0.00,0.00,0.00
13.90,Right,0.00,85.78,0.00
13.90,Left,0.00,0.00,0.00
13.96,Right,0.00,67.26,0.00
13.96,Left,0.00,0.00,0.00
14.02,Right,0.00,126.77,0.00
14.02,Left,0.00,0.00,0.00
14.08,Right,0.00,173.21,0.00
14.08,Left,0.00,0.00,0.00
14.14,Right,0.00,236.61,0.00
14.14,Left,0.00,0.00,0.00
14.22,Right,0.00,337.57,0.00
14.22,Left,0.00,0.00,0.00
14.28,Right,0.00,433.91,0.00
14.28,Left,0.00,0.00,0.00
14.34,Right,0.00,447.27,0.00
14.34,Left,0.00,0.00,0.00
14.40,Right,0.00,483.66,0.00
14.40,Left,0.00,0.00,0.00
14.46,Right,0.00,426.13,0.00
14.46,Left,0.00,0.00,0.00
14.52,Right,0.00,349.57,0.00
14.52,Left,0.00,0.00,0.00
14.58,Right,0.00,291.15,0.00
14.58,Left,0.00,0.00,0.00
14.65,Right,0.00,298.25,0.00
14.65,Left,0.00,0.00,0.00
14.70,Right,0.00,423.99,0.00
14.70,Left,0.00,0.00,0.00
14.76,Right,0.00,434.30,0.00
14.76,Left,0.00,0.00,0.00
14.81,Right,0.00,433.08,0.00
14.81,Left,0.00,0.00,0.00
14.87,Right,0.00,319.08,0.00
14.87,Left,0.00,0.00,0.00
14.93,Right,0.00,295.75,0.00
14.93,Left,0.00,0.00,0.00
15.01,Right,0.00,212.25,0.00
15.01,Left,0.00,0.00,0.00
15.05,Right,0.00,212.25,0.00
15.05,Left,0.00,0.00,0.00
15.11,Right,0.00,486.84,0.00
15.11,Left,0.00,0.00,0.00
15.17,Right,0.00,493.75,0.00
15.17,Left,0.00,0.00,0.00
15.23,Right,0.00,502.89,0.00
15.23,Left,0.00,0.00,0.00
15.30,Right,0.00,653.53,12.12
15.30,Left,0.00,0.00,0.00
15.36,Right,0.00,484.09,12.12
15.36,Left,0.00,0.00,0.00
15.42,Right,0.00,411.81,12.12
15.42,Left,0.00,0.00,0.00
15.46,Right,0.00,447.18,12.12
15.46,Left,0.00,0.00,0.00
15.53,Right,0.00,359.39,12.12
15.53,Left,0.00,0.00,0.00
15.59,Right,0.00,394.72,12.12
15.59,Left,0.00,0.00,0.00
15.65,Right,0.00,369.94,12.12
15.65,Left,0.00,0.00,0.00
15.71,Right,0.00,345.76,12.12
15.71,Left,0.00,0.00,0.00
15.77,Right,0.00,318.51,12.47
15.77,Left,0.00,0.00,0.00
15.83,Right,0.00,371.83,12.47
15.83,Left,0.00,0.00,0.00
15.89,Right,0.00,288.90,12.47
15.89,Left,0.00,0.00,0.00
15.96,Right,0.00,299.28,12.47
15.96,Left,0.00,0.00,0.00
16.02,Right,0.00,300.84,12.47
16.02,Left,0.00,0.00,0.00
16.09,Right,0.00,304.24,12.47
16.09,Left,0.00,0.00,0.00
16.13,Right,0.00,392.31,12.47
16.13,Left,0.00,0.00,0.00
16.21,Right,0.00,579.66,12.47
16.21,Left,0.00,0.00,0.00
16.25,Right,0.00,631.42,12.47
16.25,Left,0.00,0.00,0.00
16.31,Right,0.00,568.33,12.47
16.31,Left,0.00,0.00,0.00
16.38,Right,0.00,488.47,12.47
16.38,Left,0.00,0.00,0.00
16.46,Right,0.00,525.80,12.47
16.46,Left,0.00,0.00,0.00
16.51,Right,0.00,546.08,12.47
16.51,Left,0.00,0.00,0.00
16.57,Right,0.00,521.00,12.47
16.57,Left,0.00,0.00,0.00
16.63,Right,0.00,517.16,12.47
16.63,Left,0.00,0.00,0.00
16.69,Right,0.00,355.34,12.47
16.69,Left,0.00,0.00,0.00
16.75,Right,0.00,231.18,12.47
16.75,Left,0.00,0.00,0.00
16.81,Right,0.00,94.96,12.47
16.81,Left,0.00,0.00,0.00
16.88,Right,0.00,169.85,12.47
16.88,Left,0.00,0.00,0.00
16.93,Right,0.00,195.01,12.47
16.93,Left,0.00,0.00,0.00
16.99,Right,0.00,246.29,12.47
16.99,Left,0.00,0.00,0.00
17.06,Right,0.00,269.80,12.47
17.06,Left,0.00,0.00,0.00
17.13,Right,0.00,320.71,12.47
17.13,Left,0.00,0.00,0.00
17.19,Right,0.00,286.36,12.47
17.19,Left,0.00,0.00,0.00
17.24,Right,0.00,349.85,12.47
17.24,Left,0.00,0.00,0.00
17.31,Right,0.00,349.85,12.47
17.31,Left,0.00,0.00,0.00
17.39,Right,0.00,632.14,12.47
17.39,Left,0.00,364.12,0.00
17.44,Right,0.00,632.14,12.47
17.44,Left,0.00,724.32,0.00
17.51,Right,0.00,632.14,12.47
17.51,Left,0.00,669.59,0.00
17.57,Right,0.00,632.14,12.47
17.57,Left,0.00,588.03,0.00
17.62,Right,0.00,632.14,12.47
17.62,Left,0.00,576.53,0.00
17.68,Right,0.00,632.14,12.47
17.68,Left,0.00,569.63,0.00
17.74,Right,0.00,632.14,12.47
17.74,Left,0.00,466.51,0.00
17.80,Right,0.00,632.14,12.47
17.80,Left,0.00,383.55,0.00
17.86,Right,0.00,632.14,12.47
17.86,Left,0.00,357.95,0.00
17.92,Right,0.00,632.14,12.47
17.92,Left,0.00,390.68,0.00
17.98,Right,0.00,632.14,12.47
17.98,Left,0.00,406.67,0.00
18.04,Right,0.00,632.14,12.47
18.04,Left,0.00,340.58,0.00
18.10,Right,0.00,632.14,12.47
18.10,Left,0.00,343.44,0.00
18.16,Right,0.00,632.14,12.47
18.16,Left,0.00,375.72,0.00
18.22,Right,0.00,632.14,12.47
18.22,Left,0.00,250.39,0.00
18.28,Right,0.00,632.14,12.47
18.28,Left,0.00,189.83,0.00
18.33,Right,0.00,632.14,12.47
18.33,Left,0.00,164.43,0.00
18.39,Right,0.00,632.14,12.47
18.39,Left,0.00,262.25,0.00
18.45,Right,0.00,632.14,12.47
18.45,Left,0.00,235.21,0.00
18.51,Right,0.00,632.14,12.47
18.51,Left,0.00,253.86,0.00
18.59,Right,0.00,632.14,12.47
18.59,Left,0.00,301.19,0.00
18.65,Right,0.00,632.14,12.47
18.65,Left,0.00,310.38,0.00
18.70,Right,0.00,632.14,12.47
18.70,Left,0.00,186.31,0.00
18.76,Right,0.00,632.14,12.47
18.76,Left,0.00,170.19,0.00
18.82,Right,0.00,632.14,12.47
18.82,Left,0.00,159.92,0.00
18.88,Right,0.00,632.14,12.47
18.88,Left,0.00,101.64,0.00
18.94,Right,0.00,632.14,12.47
18.94,Left,0.00,96.26,0.00
19.00,Right,0.00,632.14,12.47
19.00,Left,0.00,108.19,0.00
19.07,Right,0.00,632.14,12.47
19.07,Left,0.00,277.78,0.00
19.12,Right,0.00,632.14,12.47
19.12,Left,0.00,325.38,0.00
19.17,Right,0.00,632.14,12.47
19.17,Left,0.00,333.87,0.00
19.23,Right,0.00,632.14,12.47
19.23,Left,0.00,353.87,0.00
19.30,Right,0.00,632.14,12.47
19.30,Left,0.00,443.61,0.00
19.35,Right,0.00,632.14,12.47
19.35,Left,0.00,391.07,0.00
19.41,Right,0.00,632.14,12.47
19.41,Left,0.00,372.21,0.00
19.47,Right,0.00,632.14,12.47
19.47,Left,0.00,411.60,0.00
19.52,Right,0.00,632.14,12.47
19.52,Left,0.00,273.13,0.00
19.58,Right,0.00,632.14,12.47
19.58,Left,0.00,188.15,0.00
19.64,Right,0.00,632.14,12.47
19.64,Left,0.00,277.61,0.00
19.70,Right,0.00,632.14,12.47
19.70,Left,0.00,272.44,0.00
19.77,Right,0.00,632.14,12.47
19.77,Left,0.00,578.87,0.00
19.82,Right,0.00,632.14,12.47
19.82,Left,0.00,719.85,0.00
19.89,Right,0.00,632.14,12.47
19.89,Left,0.00,830.96,0.00
19.94,Right,0.00,632.14,12.47
19.94,Left,0.00,647.50,0.00
20.01,Right,0.00,632.14,12.47
20.01,Left,0.00,590.94,0.00
20.06,Right,0.00,632.14,12.47
20.06,Left,0.00,467.76,0.00
20.12,Right,0.00,632.14,12.47
20.12,Left,0.00,409.99,0.00
20.19,Right,0.00,632.14,12.47
20.19,Left,0.00,250.41,0.00
20.24,Right,0.00,632.14,12.47
20.24,Left,0.00,227.94,0.00
20.31,Right,0.00,632.14,12.47
20.31,Left,0.00,317.59,0.00
20.35,Right,0.00,632.14,12.47
20.35,Left,0.00,337.13,0.00
20.42,Right,0.00,632.14,12.47
20.42,Left,0.00,436.49,0.00
20.47,Right,0.00,632.14,12.47
20.47,Left,0.00,461.61,0.00
20.53,Right,0.00,632.14,12.47
20.53,Left,0.00,464.51,0.00
20.59,Right,0.00,632.14,12.47
20.59,Left,0.00,418.70,0.00
20.65,Right,0.00,632.14,12.47
20.65,Left,0.00,444.96,0.00
20.71,Right,0.00,632.14,12.47
20.71,Left,0.00,272.06,0.00
20.77,Right,0.00,632.14,12.47
20.77,Left,0.00,191.24,0.00
20.83,Right,0.00,632.14,12.47
20.83,Left,0.00,152.91,0.00
20.89,Right,0.00,632.14,12.47
20.89,Left,0.00,185.10,0.00
20.95,Right,0.00,632.14,12.47
20.95,Left,0.00,138.70,0.00
21.01,Right,0.00,632.14,12.47
21.01,Left,0.00,185.05,0.00
21.08,Right,0.00,632.14,12.47
21.08,Left,0.00,362.40,0.00
21.15,Right,0.00,632.14,12.47
21.15,Left,0.00,491.53,0.00
21.21,Right,0.00,632.14,12.47
21.21,Left,0.00,542.60,0.00
21.27,Right,0.00,632.14,12.47
21.27,Left,0.00,628.73,0.00
21.34,Right,0.00,632.14,12.47
21.34,Left,0.00,778.13,0.00
21.38,Right,0.00,632.14,12.47
21.38,Left,0.00,808.41,0.00
21.45,Right,0.00,632.14,12.47
21.45,Left,0.00,741.71,0.00
21.51,Right,0.00,632.14,12.47
21.51,Left,0.00,642.51,0.00
21.58,Right,0.00,632.14,12.47
21.58,Left,0.00,495.67,0.00
21.62,Right,0.00,632.14,12.47
21.62,Left,0.00,355.32,0.00
21.68,Right,0.00,632.14,12.47
21.68,Left,0.00,327.50,0.00
21.74,Right,0.00,632.14,12.47
21.74,Left,0.00,434.14,0.00
21.80,Right,0.00,632.14,12.47
21.80,Left,0.00,355.59,0.00
21.86,Right,0.00,632.14,12.47
21.86,Left,0.00,317.38,0.00
21.92,Right,0.00,632.14,12.47
21.92,Left,0.00,352.23,0.00
21.98,Right,0.00,632.14,12.47
21.98,Left,0.00,512.08,0.00
22.04,Right,0.00,632.14,12.47
22.04,Left,0.00,466.04,0.00
22.10,Right,0.00,632.14,12.47
22.10,Left,0.00,427.76,0.00
22.16,Right,0.00,632.14,12.47
22.16,Left,0.00,402.76,0.00
22.22,Right,0.00,632.14,12.47
22.22,Left,0.00,396.73,0.00
22.28,Right,0.00,632.14,12.47
22.28,Left,0.00,219.73,0.00
22.34,Right,0.00,632.14,12.47
22.34,Left,0.00,137.20,0.00
22.40,Right,0.00,632.14,12.47
22.40,Left,0.00,130.12,0.00
22.46,Right,0.00,632.14,12.47
22.46,Left,0.00,226.79,0.00
22.52,Right,0.00,632.14,12.47
22.52,Left,0.00,224.04,0.00
22.58,Right,0.00,632.14,12.47
22.58,Left,0.00,266.84,0.00
22.64,Right,0.00,632.14,12.47
22.64,Left,0.00,306.09,0.00
22.71,Right,0.00,632.14,12.47
22.71,Left,0.00,419.39,0.00
22.76,Right,0.00,632.14,12.47
22.76,Left,0.00,545.96,0.00
22.83,Right,0.00,632.14,12.47
22.83,Left,0.00,597.76,0.00
22.89,Right,0.00,632.14,12.47
22.89,Left,0.00,597.76,0.00
22.94,Right,0.00,632.14,12.47
22.94,Left,0.00,597.76,0.00
22.99,Right,0.00,632.14,12.47
22.99,Left,0.00,597.76,0.00
23.03,Right,0.00,632.14,12.47
23.03,Left,0.00,597.76,0.00
23.09,Right,0.00,632.14,12.47
23.09,Left,0.00,1442.25,0.00
23.15,Right,0.00,632.14,12.47
23.15,Left,0.00,1421.96,0.00
23.22,Right,0.00,632.14,12.47
23.22,Left,0.00,1437.31,0.00
23.28,Right,0.00,632.14,12.47
23.28,Left,0.00,1342.71,0.00
23.34,Right,0.00,632.14,12.47
23.34,Left,0.00,1350.98,0.00
23.41,Right,0.00,632.14,12.47
23.41,Left,0.00,556.01,6.10
23.46,Right,0.00,632.14,12.47
23.46,Left,0.00,714.69,6.10
23.52,Right,0.00,632.14,12.47
23.52,Left,0.00,663.08,6.10
23.58,Right,0.00,632.14,12.47
23.58,Left,0.00,648.12,6.10
23.64,Right,0.00,632.14,12.47
23.64,Left,0.00,542.59,6.10
23.70,Right,0.00,632.14,12.47
23.70,Left,0.00,472.72,6.10
23.76,Right,0.00,632.14,12.47
23.76,Left,0.00,320.54,6.10
23.81,Right,0.00,632.14,12.47
23.81,Left,0.00,341.91,6.10
23.87,Right,0.00,632.14,12.47
23.87,Left,0.00,341.91,6.10
23.92,Right,0.00,632.14,12.47
23.92,Left,0.00,341.91,6.10
23.96,Right,0.00,632.14,12.47
23.96,Left,0.00,341.91,6.10
24.01,Right,0.00,632.14,12.47
24.01,Left,0.00,341.91,6.10
24.06,Right,0.00,632.14,12.47
24.06,Left,0.00,341.91,6.10
24.11,Right,0.00,632.14,12.47
24.11,Left,0.00,341.91,6.10
24.18,Right,0.00,632.14,12.47
24.18,Left,0.00,534.08,6.10
24.23,Right,0.00,632.14,12.47
24.23,Left,0.00,543.24,6.10
24.29,Right,0.00,632.14,12.47
24.29,Left,0.00,560.81,6.10
24.36,Right,0.00,632.14,12.47
24.36,Left,0.00,523.88,6.10
24.42,Right,0.00,632.14,12.47
24.42,Left,0.00,481.68,6.10
24.48,Right,0.00,632.14,12.47
24.48,Left,0.00,226.19,6.10
24.54,Right,0.00,632.14,12.47
24.54,Left,0.00,151.17,6.10
24.61,Right,0.00,2751.78,21.07
24.61,Left,0.00,155.42,6.10
24.67,Right,0.00,2734.48,21.07
24.67,Left,0.00,130.84,6.10
24.72,Right,0.00,2753.79,21.07
24.72,Left,0.00,167.27,6.10
24.77,Right,0.00,2753.79,21.07
24.77,Left,0.00,293.19,6.10
24.84,Right,0.00,2753.79,21.07
24.84,Left,0.00,660.09,6.10
24.89,Right,0.00,2753.79,21.07
24.89,Left,0.00,732.28,6.10
24.95,Right,0.00,2753.79,21.07
24.95,Left,0.00,775.21,6.10
25.01,Right,0.00,2753.79,21.07
25.01,Left,0.00,775.21,6.10
25.05,Right,0.00,2753.79,21.07
25.05,Left,0.00,775.21,6.10
25.11,Right,0.00,2753.79,21.07
25.11,Left,0.00,1069.45,6.10
25.17,Right,0.00,2753.79,21.07
25.17,Left,0.00,953.99,6.10
25.23,Right,0.00,2753.79,21.07
25.23,Left,0.00,801.54,6.10
25.29,Right,0.00,2753.79,21.07
25.29,Left,0.00,860.04,6.10
25.35,Right,0.00,2753.79,21.07
25.35,Left,0.00,769.39,6.10
25.41,Right,0.00,2753.79,21.07
25.41,Left,0.00,362.37,6.10
25.47,Right,0.00,2753.79,21.07
25.47,Left,0.00,286.87,6.10
25.54,Right,0.00,2753.79,21.07
25.54,Left,0.00,418.05,6.10
25.58,Right,0.00,2753.79,21.07
25.58,Left,0.00,611.43,6.10
25.64,Right,0.00,2753.79,21.07
25.64,Left,0.00,632.47,6.10
25.70,Right,0.00,2753.79,21.07
25.70,Left,0.00,662.92,6.10
25.76,Right,0.00,2753.79,21.07
25.76,Left,0.00,570.68,6.10
25.82,Right,0.00,2753.79,21.07
25.82,Left,0.00,484.13,6.10
25.88,Right,0.00,2753.79,21.07
25.88,Left,0.00,324.02,6.10
25.94,Right,0.00,2753.79,21.07
25.94,Left,0.00,287.36,6.10
26.01,Right,0.00,2753.79,21.07
26.01,Left,0.00,203.83,6.10
26.05,Right,0.00,2753.79,21.07
26.05,Left,0.00,267.74,6.10
26.11,Right,0.00,2753.79,21.07
26.11,Left,0.00,264.72,6.10
26.18,Right,0.00,2753.79,21.07
26.18,Left,0.00,274.91,6.10
26.24,Right,0.00,2753.79,21.07
26.24,Left,0.00,285.04,6.10
26.30,Right,0.00,2753.79,21.07
26.30,Left,0.00,266.31,6.10
26.36,Right,0.00,2753.79,21.07
26.36,Left,0.00,198.82,6.10
26.42,Right,0.00,2753.79,21.07
26.42,Left,0.00,200.24,6.10
26.48,Right,0.00,2753.79,21.07
26.48,Left,0.00,269.41,6.10
26.55,Right,0.00,2753.79,21.07
26.55,Left,0.00,222.05,6.10
26.61,Right,0.00,2753.79,21.07
26.61,Left,0.00,198.62,6.10
26.67,Right,0.00,2753.79,21.07
26.67,Left,0.00,225.00,6.10
26.73,Right,0.00,2753.79,21.07
26.73,Left,0.00,208.14,6.10
26.79,Right,0.00,2753.79,21.07
26.79,Left,0.00,125.20,6.10
26.85,Right,0.00,2753.79,21.07
26.85,Left,0.00,126.59,6.10
26.91,Right,0.00,2753.79,21.07
26.91,Left,0.00,194.66,6.10
26.97,Right,0.00,2753.79,21.07
26.97,Left,0.00,163.34,6.10
27.03,Right,0.00,2753.79,21.07
27.03,Left,0.00,162.65,6.10
27.09,Right,0.00,2753.79,21.07
27.09,Left,0.00,156.95,6.10
27.16,Right,0.00,4928.50,21.07
27.16,Left,0.00,150.81,6.10
27.22,Right,0.00,4696.72,21.07
27.22,Left,0.00,81.60,6.10
27.28,Right,0.00,2637.05,21.07
27.28,Left,0.00,86.37,6.10
27.33,Right,0.00,2807.46,21.07
27.33,Left,0.00,121.29,6.10
27.39,Right,0.00,2858.13,21.07
27.39,Left,0.00,107.66,6.10
27.45,Right,0.00,657.92,21.07
27.45,Left,0.00,93.59,6.10
27.51,Right,0.00,631.54,21.07
27.51,Left,0.00,114.38,6.10
27.56,Right,0.00,534.69,21.07
27.56,Left,0.00,120.34,6.10
27.62,Right,0.00,331.12,21.07
27.62,Left,0.00,111.22,6.10
27.68,Right,0.00,204.12,21.07
27.68,Left,0.00,147.97,6.10
27.75,Right,0.00,118.70,21.07
27.75,Left,0.00,215.47,6.10
27.80,Right,0.00,82.87,21.07
27.80,Left,0.00,215.47,6.10
27.86,Right,0.00,84.03,21.07
27.86,Left,0.00,215.47,6.10
27.92,Right,0.00,80.71,21.07
27.92,Left,0.00,215.47,6.10
27.98,Right,0.00,83.61,21.07
27.98,Left,0.00,215.47,6.10
28.04,Right,0.00,139.39,21.07
28.04,Left,0.00,215.47,6.10
28.10,Right,0.00,152.98,21.07
28.10,Left,0.00,215.47,6.10
28.16,Right,0.00,210.20,21.07
28.16,Left,0.00,215.47,6.10
28.23,Right,0.00,623.57,21.07
28.23,Left,0.00,215.47,6.10
28.28,Right,0.00,803.14,21.07
28.28,Left,0.00,215.47,6.10
28.34,Right,0.00,825.65,21.07
28.34,Left,0.00,215.47,6.10
28.40,Right,0.00,818.30,21.07
28.40,Left,0.00,215.47,6.10
28.46,Right,0.00,595.92,21.07
28.46,Left,0.00,215.47,6.10
28.52,Right,0.00,505.09,21.07
28.52,Left,0.00,215.47,6.10
28.58,Right,0.00,308.69,21.07
28.58,Left,0.00,215.47,6.10
28.65,Right,0.00,360.15,21.07
28.65,Left,0.00,215.47,6.10
28.69,Right,0.00,425.51,21.07
28.69,Left,0.00,215.47,6.10
28.75,Right,0.00,428.19,21.07
28.75,Left,0.00,215.47,6.10
28.81,Right,0.00,503.33,21.07
28.81,Left,0.00,215.47,6.10
28.88,Right,0.00,392.50,21.07
28.88,Left,0.00,215.47,6.10
28.94,Right,0.00,499.94,21.07
28.94,Left,0.00,215.47,6.10
29.00,Right,0.00,420.91,21.07
29.00,Left,0.00,215.47,6.10
29.06,Right,0.00,363.35,21.07
29.06,Left,0.00,215.47,6.10
29.12,Right,0.00,296.14,21.07
29.12,Left,0.00,215.47,6.10
29.18,Right,0.00,260.75,21.07
29.18,Left,0.00,215.47,6.10
29.24,Right,0.00,154.88,21.07
29.24,Left,0.00,215.47,6.10
29.30,Right,0.00,150.00,21.07
29.30,Left,0.00,215.47,6.10
29.36,Right,0.00,153.48,21.07
29.36,Left,0.00,215.47,6.10
29.42,Right,0.00,109.09,21.07
29.42,Left,0.00,215.47,6.10
29.48,Right,0.00,118.71,21.07
29.48,Left,0.00,215.47,6.10
29.54,Right,0.00,115.61,21.07
29.54,Left,0.00,215.47,6.10
29.60,Right,0.00,155.27,21.07
29.60,Left,0.00,215.47,6.10
29.65,Right,0.00,138.05,21.07
29.65,Left,0.00,215.47,6.10
29.71,Right,0.00,146.48,21.07
29.71,Left,0.00,215.47,6.10
29.78,Right,0.00,173.14,21.07
29.78,Left,0.00,215.47,6.10
29.84,Right,0.00,164.36,21.07
29.84,Left,0.00,215.47,6.10
29.89,Right,0.00,119.36,21.07
29.89,Left,0.00,215.47,6.10
29.96,Right,0.00,136.41,21.07
29.96,Left,0.00,215.47,6.10
30.02,Right,0.00,157.22,21.07
30.02,Left,0.00,215.47,6.10
30.09,Right,0.00,359.73,21.07
30.09,Left,0.00,215.47,6.10
30.14,Right,0.00,621.82,21.07
30.14,Left,0.00,215.47,6.10
30.20,Right,0.00,639.72,21.07
30.20,Left,0.00,215.47,6.10
30.25,Right,0.00,708.58,21.07
30.25,Left,0.00,215.47,6.10
30.32,Right,0.00,510.94,21.07
30.32,Left,0.00,215.47,6.10
30.38,Right,0.00,412.95,21.07
30.38,Left,0.00,215.47,6.10
30.43,Right,0.00,315.67,21.07
30.43,Left,0.00,215.47,6.10
30.49,Right,0.00,217.72,21.07
30.49,Left,0.00,215.47,6.10
30.55,Right,0.00,137.56,21.07
30.55,Left,0.00,215.47,6.10
30.62,Right,0.00,171.54,21.07
30.62,Left,0.00,215.47,6.10
30.68,Right,0.00,227.41,21.07
30.68,Left,0.00,215.47,6.10
30.74,Right,0.00,217.74,21.07
30.74,Left,0.00,215.47,6.10
30.81,Right,0.00,196.82,21.07
30.81,Left,0.00,215.47,6.10
30.87,Right,0.00,138.17,21.07
30.87,Left,0.00,215.47,6.10
30.93,Right,0.00,180.31,21.07
30.93,Left,0.00,215.47,6.10
30.99,Right,0.00,185.72,21.07
30.99,Left,0.00,215.47,6.10
31.05,Right,0.00,251.62,21.07
31.05,Left,0.00,215.47,6.10
31.12,Right,0.00,575.76,21.07
31.12,Left,0.00,215.47,6.10
31.18,Right,0.00,678.72,21.07
31.18,Left,0.00,215.47,6.10
31.25,Right,0.00,687.05,21.07
31.25,Left,0.00,215.47,6.10
31.30,Right,0.00,655.14,21.07
31.30,Left,0.00,215.47,6.10
31.36,Right,0.00,615.44,21.07
31.36,Left,0.00,215.47,6.10
31.42,Right,0.00,332.97,21.07
31.42,Left,0.00,215.47,6.10
31.48,Right,0.00,279.95,21.07
31.48,Left,0.00,215.47,6.10
31.54,Right,0.00,278.97,21.07
31.54,Left,0.00,215.47,6.10
31.61,Right,0.00,278.97,21.07
31.61,Left,0.00,215.47,6.10
31.67,Right,0.00,278.97,21.07
31.67,Left,0.00,215.47,6.10
31.73,Right,0.00,278.97,21.07
31.73,Left,0.00,215.47,6.10
31.77,Right,0.00,278.97,21.07
31.77,Left,0.00,215.47,6.10
31.83,Right,0.00,1030.14,21.07
31.83,Left,0.00,215.47,6.10
31.89,Right,0.00,1027.86,21.07
31.89,Left,0.00,215.47,6.10
31.95,Right,0.00,1085.92,21.07
31.95,Left,0.00,215.47,6.10
32.01,Right,0.00,1198.16,21.07
32.01,Left,0.00,215.47,6.10
32.07,Right,0.00,1136.53,21.07
32.07,Left,0.00,215.47,6.10
32.13,Right,0.00,380.38,21.07
32.13,Left,0.00,215.47,6.10
32.18,Right,0.00,366.10,21.07
32.18,Left,0.00,215.47,6.10
32.25,Right,0.00,306.45,21.07
32.25,Left,0.00,215.47,6.10
32.31,Right,0.00,176.35,21.07
32.31,Left,0.00,215.47,6.10
32.38,Right,0.00,161.53,21.07
32.38,Left,0.00,215.47,6.10
32.44,Right,0.00,202.59,21.07
32.44,Left,0.00,215.47,6.10
32.50,Right,0.00,279.82,21.07
32.50,Left,0.00,215.47,6.10
32.56,Right,0.00,306.64,21.07
32.56,Left,0.00,215.47,6.10
32.62,Right,0.00,297.62,21.07
32.62,Left,0.00,215.47,6.10
32.68,Right,0.00,383.02,21.07
32.68,Left,0.00,215.47,6.10
32.73,Right,0.00,329.97,21.07
32.73,Left,0.00,215.47,6.10
32.79,Right,0.00,232.61,21.07
32.79,Left,0.00,215.47,6.10
32.85,Right,0.00,187.30,21.07
32.85,Left,0.00,215.47,6.10
32.91,Right,0.00,198.88,21.07
32.91,Left,0.00,215.47,6.10
32.97,Right,0.00,131.14,21.07
32.97,Left,0.00,215.47,6.10
33.03,Right,0.00,118.87,21.07
33.03,Left,0.00,215.47,6.10
33.09,Right,0.00,117.23,21.07
33.09,Left,0.00,215.47,6.10
33.14,Right,0.00,123.06,21.07
33.14,Left,0.00,215.47,6.10
33.21,Right,0.00,81.47,21.07
33.21,Left,0.00,215.47,6.10
33.27,Right,0.00,65.04,21.07
33.27,Left,0.00,215.47,6.10
33.33,Right,0.00,90.44,21.07
33.33,Left,0.00,215.47,6.10
33.38,Right,0.00,121.94,21.07
33.38,Left,0.00,215.47,6.10
33.45,Right,0.00,94.60,21.07
33.45,Left,0.00,215.47,6.10
33.51,Right,0.00,86.62,21.07
33.51,Left,0.00,215.47,6.10
33.57,Right,0.00,82.19,21.07
33.57,Left,0.00,215.47,6.10
33.63,Right,0.00,103.48,21.07
33.63,Left,0.00,215.47,6.10
33.68,Right,0.00,88.25,21.07
33.68,Left,0.00,215.47,6.10
33.74,Right,0.00,99.02,21.07
33.74,Left,0.00,215.47,6.10
33.80,Right,0.00,194.69,21.07
33.80,Left,0.00,215.47,6.10
33.86,Right,0.00,213.12,21.07
33.86,Left,0.00,215.47,6.10
33.93,Right,0.00,194.40,21.07
33.93,Left,0.00,215.47,6.10
33.98,Right,0.00,200.02,21.07
33.98,Left,0.00,215.47,6.10
34.04,Right,0.00,274.25,21.07
34.04,Left,0.00,215.47,6.10
34.10,Right,0.00,170.84,21.07
34.10,Left,0.00,215.47,6.10
34.16,Right,0.00,150.66,21.07
34.16,Left,0.00,215.47,6.10
34.22,Right,0.00,125.09,21.07
34.22,Left,0.00,215.47,6.10
34.28,Right,0.00,106.17,21.07
34.28,Left,0.00,215.47,6.10
34.34,Right,0.00,42.26,21.07
34.34,Left,0.00,215.47,6.10
34.39,Right,0.00,54.33,21.07
34.39,Left,0.00,215.47,6.10
34.45,Right,0.00,59.81,21.07
34.45,Left,0.00,215.47,6.10
34.51,Right,0.00,96.41,21.07
34.51,Left,0.00,215.47,6.10
34.57,Right,0.00,112.09,21.07
34.57,Left,0.00,215.47,6.10
34.62,Right,0.00,99.37,21.07
34.62,Left,0.00,215.47,6.10
34.68,Right,0.00,98.16,21.07
34.68,Left,0.00,215.47,6.10
34.74,Right,0.00,96.81,21.07
34.74,Left,0.00,215.47,6.10
34.80,Right,0.00,88.78,21.07
34.80,Left,0.00,215.47,6.10
34.86,Right,0.00,82.63,21.07
34.86,Left,0.00,215.47,6.10
34.92,Right,0.00,87.70,21.07
34.92,Left,0.00,215.47,6.10
34.98,Right,0.00,92.74,21.07
34.98,Left,0.00,215.47,6.10
35.04,Right,0.00,93.78,21.07
35.04,Left,0.00,215.47,6.10
35.10,Right,0.00,67.35,21.07
35.10,Left,0.00,215.47,6.10
35.16,Right,0.00,73.43,21.07
35.16,Left,0.00,215.47,6.10
35.22,Right,0.00,95.41,21.07
35.22,Left,0.00,215.47,6.10
35.28,Right,0.00,94.86,21.07
35.28,Left,0.00,215.47,6.10
35.34,Right,0.00,99.05,21.07
35.34,Left,0.00,215.47,6.10
35.40,Right,0.00,100.87,21.07
35.40,Left,0.00,215.47,6.10
35.46,Right,0.00,102.94,21.07
35.46,Left,0.00,215.47,6.10
35.52,Right,0.00,69.35,21.07
35.52,Left,0.00,215.47,6.10
35.58,Right,0.00,60.12,21.07
35.58,Left,0.00,215.47,6.10
35.64,Right,0.00,49.83,21.07
35.64,Left,0.00,215.47,6.10
35.69,Right,0.00,58.45,21.07
35.69,Left,0.00,215.47,6.10
35.75,Right,0.00,54.98,21.07
35.75,Left,0.00,215.47,6.10
35.81,Right,0.00,60.38,21.07
35.81,Left,0.00,215.47,6.10
35.87,Right,0.00,62.69,21.07
35.87,Left,0.00,215.47,6.10
35.93,Right,0.00,96.84,21.07
35.93,Left,0.00,215.47,6.10
35.99,Right,0.00,92.48,21.07
35.99,Left,0.00,215.47,6.10
36.05,Right,0.00,80.44,21.07
36.05,Left,0.00,215.47,6.10
36.10,Right,0.00,109.83,21.07
36.10,Left,0.00,215.47,6.10
36.16,Right,0.00,126.28,21.07
36.16,Left,0.00,215.47,6.10
36.23,Right,0.00,102.60,21.07
36.23,Left,0.00,215.47,6.10
36.28,Right,0.00,105.81,21.07
36.28,Left,0.00,215.47,6.10
36.34,Right,0.00,130.38,21.07
36.34,Left,0.00,215.47,6.10
36.40,Right,0.00,134.28,21.07
36.40,Left,0.00,215.47,6.10
36.46,Right,0.00,134.98,21.07
36.46,Left,0.00,215.47,6.10
36.52,Right,0.00,140.17,21.07
36.52,Left,0.00,215.47,6.10
36.58,Right,0.00,133.70,21.07
36.58,Left,0.00,215.47,6.10
36.64,Right,0.00,136.24,21.07
36.64,Left,0.00,215.47,6.10
36.70,Right,0.00,108.80,21.07
36.70,Left,0.00,215.47,6.10
36.77,Right,0.00,87.94,21.07
36.77,Left,0.00,215.47,6.10
36.83,Right,0.00,77.26,21.07
36.83,Left,0.00,215.47,6.10
36.90,Right,0.00,79.79,21.07
36.90,Left,0.00,215.47,6.10
36.98,Right,0.00,215.64,21.07
36.98,Left,0.00,215.47,6.10
37.04,Right,0.00,225.00,21.07
37.04,Left,0.00,215.47,6.10
37.10,Right,0.00,234.52,21.07
37.10,Left,0.00,215.47,6.10
37.16,Right,0.00,230.99,21.07
37.16,Left,0.00,215.47,6.10
37.21,Right,0.00,177.65,21.07
37.21,Left,0.00,215.47,6.10
37.27,Right,0.00,97.82,21.07
37.27,Left,0.00,215.47,6.10
37.34,Right,0.00,85.51,21.07
37.34,Left,0.00,215.47,6.10
37.40,Right,0.00,76.02,21.07
37.40,Left,0.00,215.47,6.10
37.45,Right,0.00,104.11,21.07
37.45,Left,0.00,215.47,6.10
37.52,Right,0.00,68.78,21.07
37.52,Left,0.00,215.47,6.10
37.57,Right,0.00,60.52,21.07
37.57,Left,0.00,215.47,6.10
37.63,Right,0.00,71.14,21.07
37.63,Left,0.00,215.47,6.10
37.69,Right,0.00,88.50,21.07
37.69,Left,0.00,215.47,6.10
37.75,Right,0.00,64.47,21.07
37.75,Left,0.00,215.47,6.10
37.81,Right,0.00,61.35,21.07
37.81,Left,0.00,215.47,6.10
37.87,Right,0.00,61.96,21.07
37.87,Left,0.00,215.47,6.10
37.93,Right,0.00,82.02,21.07
37.93,Left,0.00,215.47,6.10
37.99,Right,0.00,56.13,21.07
37.99,Left,0.00,215.47,6.10
38.05,Right,0.00,65.67,21.07
38.05,Left,0.00,215.47,6.10
38.11,Right,0.00,62.59,21.07
38.11,Left,0.00,215.47,6.10
38.17,Right,0.00,86.45,21.07
38.17,Left,0.00,215.47,6.10
38.23,Right,0.00,66.35,21.07
38.23,Left,0.00,215.47,6.10
38.29,Right,0.00,66.58,21.07
38.29,Left,0.00,215.47,6.10
38.35,Right,0.00,71.03,21.07
38.35,Left,0.00,215.47,6.10
38.41,Right,0.00,87.98,21.07
38.41,Left,0.00,215.47,6.10
38.47,Right,0.00,75.48,21.07
38.47,Left,0.00,215.47,6.10
38.54,Right,0.00,70.15,21.07
38.54,Left,0.00,215.47,6.10
38.60,Right,0.00,152.44,21.07
38.60,Left,0.00,215.47,6.10
38.66,Right,0.00,153.30,21.07
38.66,Left,0.00,215.47,6.10
38.72,Right,0.00,160.91,21.07
38.72,Left,0.00,215.47,6.10
38.78,Right,0.00,176.59,21.07
38.78,Left,0.00,215.47,6.10
38.84,Right,0.00,229.03,21.07
38.84,Left,0.00,215.47,6.10
38.90,Right,0.00,194.18,21.07
38.90,Left,0.00,215.47,6.10
38.96,Right,0.00,189.36,21.07
38.96,Left,0.00,215.47,6.10
39.02,Right,0.00,303.17,21.07
39.02,Left,0.00,215.47,6.10
39.08,Right,0.00,306.63,21.07
39.08,Left,0.00,215.47,6.10
39.13,Right,0.00,310.48,21.07
39.13,Left,0.00,215.47,6.10
39.19,Right,0.00,294.72,21.07
39.19,Left,0.00,215.47,6.10
39.26,Right,0.00,280.09,21.07
39.26,Left,0.00,215.47,6.10
39.32,Right,0.00,223.39,21.07
39.32,Left,0.00,215.47,6.10
39.37,Right,0.00,228.13,21.07
39.37,Left,0.00,215.47,6.10
39.44,Right,0.00,176.55,21.07
39.44,Left,0.00,215.47,6.10
39.49,Right,0.00,177.66,21.07
39.49,Left,0.00,215.47,6.10
39.55,Right,0.00,180.53,21.07
39.55,Left,0.00,215.47,6.10
39.61,Right,0.00,122.16,21.07
39.61,Left,0.00,215.47,6.10
39.67,Right,0.00,99.99,21.07
39.67,Left,0.00,215.47,6.10
39.73,Right,0.00,200.82,21.07
39.73,Left,0.00,215.47,6.10
39.79,Right,0.00,207.97,21.07
39.79,Left,0.00,215.47,6.10
39.85,Right,0.00,230.82,21.07
39.85,Left,0.00,215.47,6.10
39.91,Right,0.00,295.86,21.07
39.91,Left,0.00,215.47,6.10
39.97,Right,0.00,361.61,21.07
39.97,Left,0.00,215.47,6.10
40.02,Right,0.00,308.79,21.07
40.02,Left,0.00,215.47,6.10
40.10,Right,0.00,307.89,21.07
40.10,Left,0.00,215.47,6.10
40.16,Right,0.00,343.41,21.07
40.16,Left,0.00,215.47,6.10
40.21,Right,0.00,287.98,21.07
40.21,Left,0.00,215.47,6.10
40.27,Right,0.00,220.57,21.07
40.27,Left,0.00,215.47,6.10
40.33,Right,0.00,197.27,34.23
40.33,Left,0.00,215.47,6.10
40.39,Right,0.00,160.95,34.23
40.39,Left,0.00,215.47,6.10
40.46,Right,0.00,208.20,34.23
40.46,Left,0.00,215.47,6.10
40.51,Right,0.00,208.82,34.23
40.51,Left,0.00,215.47,6.10
40.57,Right,0.00,176.68,34.23
40.57,Left,0.00,215.47,6.10
40.62,Right,0.00,179.58,34.23
40.62,Left,0.00,215.47,6.10
40.68,Right,0.00,114.33,34.23
40.68,Left,0.00,215.47,6.10
40.74,Right,0.00,70.66,34.23
40.74,Left,0.00,215.47,6.10
40.80,Right,0.00,79.22,34.23
40.80,Left,0.00,215.47,6.10
40.86,Right,0.00,119.42,34.23
40.86,Left,0.00,215.47,6.10
40.92,Right,0.00,129.05,34.23
40.92,Left,0.00,215.47,6.10
40.98,Right,0.00,128.25,34.23
40.98,Left,0.00,215.47,6.10
41.04,Right,0.00,203.44,34.23
41.04,Left,0.00,215.47,6.10
41.10,Right,0.00,206.08,34.23
41.10,Left,0.00,215.47,6.10
41.16,Right,0.00,174.42,34.23
41.16,Left,0.00,215.47,6.10
41.22,Right,0.00,197.39,34.23
41.22,Left,0.00,215.47,6.10
41.28,Right,0.00,237.75,34.23
41.28,Left,0.00,215.47,6.10
41.34,Right,0.00,203.04,34.23
41.34,Left,0.00,215.47,6.10
41.40,Right,0.00,198.72,34.23
41.40,Left,0.00,215.47,6.10
41.46,Right,0.00,210.11,34.23
41.46,Left,0.00,215.47,6.10
41.52,Right,0.00,217.39,34.23
41.52,Left,0.00,215.47,6.10
41.59,Right,0.00,176.38,34.23
41.59,Left,0.00,215.47,6.10
41.65,Right,0.00,123.00,34.23
41.65,Left,0.00,215.47,6.10
41.71,Right,0.00,104.50,34.23
41.71,Left,0.00,215.47,6.10
41.77,Right,0.00,180.69,34.23
41.77,Left,0.00,215.47,6.10
41.83,Right,0.00,166.08,34.23
41.83,Left,0.00,215.47,6.10
41.89,Right,0.00,152.01,34.23
41.89,Left,0.00,215.47,6.10
41.95,Right,0.00,296.20,34.23
41.95,Left,0.00,215.47,6.10
42.01,Right,0.00,407.30,34.23
42.01,Left,0.00,215.47,6.10
42.07,Right,0.00,334.88,34.23
42.07,Left,0.00,215.47,6.10
42.14,Right,0.00,330.68,34.23
42.14,Left,0.00,215.47,6.10
42.20,Right,0.00,395.00,34.23
42.20,Left,0.00,215.47,6.10
42.26,Right,0.00,272.35,34.23
42.26,Left,0.00,215.47,6.10
42.32,Right,0.00,203.36,34.23
42.32,Left,0.00,215.47,6.10
42.38,Right,0.00,230.29,34.23
42.38,Left,0.00,215.47,6.10
42.45,Right,0.00,457.77,36.12
42.45,Left,0.00,215.47,6.10
42.51,Right,0.00,443.49,36.12
42.51,Left,0.00,215.47,6.10
42.57,Right,0.00,560.61,36.12
42.57,Left,0.00,215.47,6.10
42.63,Right,0.00,572.77,36.12
42.63,Left,0.00,215.47,6.10
42.69,Right,0.00,580.09,36.12
42.69,Left,0.00,215.47,6.10
42.75,Right,0.00,379.81,36.12
42.75,Left,0.00,215.47,6.10
42.81,Right,0.00,392.27,36.12
42.81,Left,0.00,215.47,6.10
42.87,Right,0.00,392.27,36.12
42.87,Left,0.00,215.47,6.10
42.93,Right,0.00,392.27,36.12
42.93,Left,0.00,811.58,6.10
42.99,Right,0.00,392.27,36.12
42.99,Left,0.00,805.99,6.10
43.06,Right,0.00,392.27,36.12
43.06,Left,0.00,1129.89,6.10
43.10,Right,0.00,392.27,36.12
43.10,Left,0.00,1218.47,6.10
43.17,Right,0.00,392.27,36.12
43.17,Left,0.00,677.76,6.10
43.22,Right,0.00,392.27,36.12
43.22,Left,0.00,755.40,6.10
43.28,Right,0.00,392.27,36.12
43.28,Left,0.00,527.03,6.10
43.34,Right,0.00,392.27,36.12
43.34,Left,0.00,403.05,6.10
43.40,Right,0.00,392.27,36.12
43.40,Left,0.00,272.85,6.10
43.45,Right,0.00,392.27,36.12
43.45,Left,0.00,217.65,6.10
43.52,Right,0.00,392.27,36.12
43.52,Left,0.00,251.46,6.10
43.57,Right,0.00,392.27,36.12
43.57,Left,0.00,238.57,6.10
43.63,Right,0.00,392.27,36.12
43.63,Left,0.00,281.65,6.10
43.69,Right,0.00,392.27,36.12
43.69,Left,0.00,286.70,6.10
43.75,Right,0.00,392.27,36.12
43.75,Left,0.00,285.10,6.10
43.81,Right,0.00,392.27,36.12
43.81,Left,0.00,157.63,6.10
43.87,Right,0.00,392.27,36.12
43.87,Left,0.00,132.58,6.10
43.93,Right,0.00,392.27,36.12
43.93,Left,0.00,106.28,6.10
43.99,Right,0.00,392.27,36.12
43.99,Left,0.00,153.81,6.10
44.05,Right,0.00,392.27,36.12
44.05,Left,0.00,186.16,6.10
44.11,Right,0.00,392.27,36.12
44.11,Left,0.00,229.98,6.10
44.17,Right,0.00,392.27,36.12
44.17,Left,0.00,242.42,6.10
44.23,Right,0.00,392.27,36.12
44.23,Left,0.00,237.48,6.10
44.29,Right,0.00,392.27,36.12
44.29,Left,0.00,196.29,6.10
44.34,Right,0.00,392.27,36.12
44.34,Left,0.00,158.69,6.10
44.40,Right,0.00,392.27,36.12
44.40,Left,0.00,144.18,6.10
44.46,Right,0.00,392.27,36.12
44.46,Left,0.00,230.65,6.10
44.52,Right,0.00,392.27,36.12
44.52,Left,0.00,245.68,6.10
44.58,Right,0.00,392.27,36.12
44.58,Left,0.00,237.29,6.10
44.64,Right,0.00,392.27,36.12
44.64,Left,0.00,358.47,6.10
44.70,Right,0.00,392.27,36.12
44.70,Left,0.00,424.01,6.10
44.76,Right,0.00,392.27,36.12
44.76,Left,0.00,384.62,6.10
44.82,Right,0.00,392.27,36.12
44.82,Left,0.00,408.65,6.10
44.88,Right,0.00,392.27,36.12
44.88,Left,0.00,576.96,6.10
44.93,Right,0.00,392.27,36.12
44.93,Left,0.00,542.47,6.10
45.00,Right,0.00,392.27,36.12
45.00,Left,0.00,529.61,6.10
45.06,Right,0.00,392.27,36.12
45.06,Left,0.00,530.20,6.10
45.13,Right,0.00,392.27,36.12
45.13,Left,0.00,612.32,6.10
45.18,Right,0.00,392.27,36.12
45.18,Left,0.00,675.43,6.10
45.24,Right,0.00,392.27,36.12
45.24,Left,0.00,612.72,6.10
45.30,Right,0.00,392.27,36.12
45.30,Left,0.00,587.42,6.10
45.36,Right,0.00,392.27,36.12
45.36,Left,0.00,503.05,6.10
45.42,Right,0.00,392.27,36.12
45.42,Left,0.00,454.91,6.10
45.48,Right,0.00,392.27,36.12
45.48,Left,0.00,309.02,6.10
45.54,Right,0.00,392.27,36.12
45.54,Left,0.00,310.50,6.10
45.60,Right,0.00,392.27,36.12
45.60,Left,0.00,285.53,6.10
45.65,Right,0.00,392.27,36.12
45.65,Left,0.00,156.49,6.10
45.71,Right,0.00,392.27,36.12
45.71,Left,0.00,128.98,6.10
45.77,Right,0.00,392.27,36.12
45.77,Left,0.00,251.55,6.10
45.83,Right,0.00,392.27,36.12
45.83,Left,0.00,295.60,6.10
45.89,Right,0.00,392.27,36.12
45.89,Left,0.00,330.53,6.10
45.95,Right,0.00,392.27,36.12
45.95,Left,0.00,372.42,6.10
46.01,Right,0.00,392.27,36.12
46.01,Left,0.00,406.72,6.10
46.06,Right,0.00,392.27,36.12
46.06,Left,0.00,473.10,6.10
46.13,Right,0.00,392.27,36.12
46.13,Left,0.00,498.02,6.10
46.19,Right,0.00,392.27,36.12
46.19,Left,0.00,502.62,6.10
46.25,Right,0.00,392.27,36.12
46.25,Left,0.00,527.12,6.10
46.31,Right,0.00,392.27,36.12
46.31,Left,0.00,547.69,6.10
46.37,Right,0.00,392.27,36.12
46.37,Left,0.00,364.82,6.10
46.43,Right,0.00,392.27,36.12
46.43,Left,0.00,287.89,6.10
46.49,Right,0.00,392.27,36.12
46.49,Left,0.00,253.53,6.10
46.55,Right,0.00,392.27,36.12
46.55,Left,0.00,204.06,6.10
46.61,Right,0.00,392.27,36.12
46.61,Left,0.00,156.69,29.19
46.67,Right,0.00,392.27,36.12
46.67,Left,0.00,153.76,29.19
46.73,Right,0.00,392.27,36.12
46.73,Left,0.00,189.47,29.19
46.79,Right,0.00,392.27,36.12
46.79,Left,0.00,175.81,29.19
46.85,Right,0.00,392.27,36.12
46.85,Left,0.00,146.46,29.19
46.91,Right,0.00,392.27,36.12
46.91,Left,0.00,203.14,29.19
46.97,Right,0.00,392.27,36.12
46.97,Left,0.00,188.83,29.19
47.03,Right,0.00,392.27,36.12
47.03,Left,0.00,180.88,29.19
47.09,Right,0.00,392.27,36.12
47.09,Left,0.00,209.20,29.19
47.16,Right,0.00,392.27,36.12
47.16,Left,0.00,370.40,29.19
47.20,Right,0.00,392.27,36.12
47.20,Left,0.00,402.07,29.19
47.26,Right,0.00,392.27,36.12
47.26,Left,0.00,391.23,29.19
47.33,Right,0.00,392.27,36.12
47.33,Left,0.00,380.46,29.19
47.41,Right,0.00,392.27,36.12
47.41,Left,0.00,245.11,29.19
47.48,Right,0.00,392.27,36.12
47.48,Left,0.00,141.10,29.19
47.55,Right,0.00,392.27,36.12
47.55,Left,0.00,125.37,29.19
47.61,Right,0.00,392.27,36.12
47.61,Left,0.00,148.42,29.19
47.67,Right,0.00,392.27,36.12
47.67,Left,0.00,145.32,29.19
47.72,Right,0.00,392.27,36.12
47.72,Left,0.00,129.97,29.19
47.80,Right,0.00,392.27,36.12
47.80,Left,0.00,140.43,29.19
47.86,Right,0.00,392.27,36.12
47.86,Left,0.00,129.63,29.19
47.92,Right,0.00,392.27,36.12
47.92,Left,0.00,102.76,29.19
47.98,Right,0.00,392.27,36.12
47.98,Left,0.00,107.20,29.19
48.04,Right,0.00,392.27,36.12
48.04,Left,0.00,112.22,29.19
48.10,Right,0.00,392.27,36.12
48.10,Left,0.00,129.01,29.19
48.16,Right,0.00,392.27,36.12
48.16,Left,0.00,146.87,29.19
48.22,Right,0.00,392.27,36.12
48.22,Left,0.00,169.42,29.19
48.29,Right,0.00,392.27,36.12
48.29,Left,0.00,354.66,29.19
48.34,Right,0.00,392.27,36.12
48.34,Left,0.00,444.49,29.19
48.39,Right,0.00,392.27,36.12
48.39,Left,0.00,438.43,29.19
48.47,Right,0.00,392.27,36.12
48.47,Left,0.00,531.70,29.19
48.52,Right,0.00,392.27,36.12
48.52,Left,0.00,551.63,29.19
48.58,Right,0.00,392.27,36.12
48.58,Left,0.00,461.51,29.19
48.64,Right,0.00,392.27,36.12
48.64,Left,0.00,464.09,29.19
48.70,Right,0.00,392.27,36.12
48.70,Left,0.00,353.92,29.19
48.76,Right,0.00,392.27,36.12
48.76,Left,0.00,286.34,29.19
48.82,Right,0.00,392.27,36.12
48.82,Left,0.00,231.27,29.19
48.88,Right,0.00,392.27,36.12
48.88,Left,0.00,290.60,29.19
48.94,Right,0.00,392.27,36.12
48.94,Left,0.00,264.65,29.19
49.00,Right,0.00,392.27,36.12
49.00,Left,0.00,202.08,29.19
49.05,Right,0.00,392.27,36.12
49.05,Left,0.00,173.15,29.19
49.11,Right,0.00,392.27,36.12
49.11,Left,0.00,207.32,29.19
49.17,Right,0.00,392.27,36.12
49.17,Left,0.00,127.23,29.19
49.23,Right,0.00,392.27,36.12
49.23,Left,0.00,120.39,29.19
49.29,Right,0.00,392.27,36.12
49.29,Left,0.00,132.19,29.19
49.35,Right,0.00,392.27,36.12
49.35,Left,0.00,128.82,29.19
49.42,Right,0.00,392.27,36.12
49.42,Left,0.00,120.58,29.19
49.47,Right,0.00,392.27,36.12
49.47,Left,0.00,125.37,29.19
49.54,Right,0.00,392.27,36.12
49.54,Left,0.00,129.60,29.19
49.61,Right,0.00,392.27,36.12
49.61,Left,0.00,272.74,29.19
49.65,Right,0.00,392.27,36.12
49.65,Left,0.00,220.67,29.19
49.71,Right,0.00,392.27,36.12
49.71,Left,0.00,211.77,29.19
49.78,Right,0.00,392.27,36.12
49.78,Left,0.00,392.48,29.19
49.83,Right,0.00,392.27,36.12
49.83,Left,0.00,334.51,29.19
49.89,Right,0.00,392.27,36.12
49.89,Left,0.00,336.60,29.19
49.96,Right,0.00,392.27,36.12
49.96,Left,0.00,301.46,29.19
50.00,Right,0.00,392.27,36.12
50.00,Left,0.00,238.75,29.19
50.06,Right,0.00,392.27,36.12
50.06,Left,0.00,254.62,29.19
50.13,Right,0.00,392.27,36.12
50.13,Left,0.00,417.60,29.19
50.18,Right,0.00,392.27,36.12
50.18,Left,0.00,366.56,29.19
50.24,Right,0.00,392.27,36.12
50.24,Left,0.00,294.00,29.19
50.30,Right,0.00,392.27,36.12
50.30,Left,0.00,362.87,29.19
50.38,Right,0.00,392.27,36.12
50.38,Left,0.00,268.74,29.19
50.45,Right,0.00,392.27,36.12
50.45,Left,0.00,420.88,29.19
50.49,Right,0.00,392.27,36.12
50.49,Left,0.00,464.80,29.19
50.55,Right,0.00,392.27,36.12
50.55,Left,0.00,388.12,29.19
50.61,Right,0.00,392.27,36.12
50.61,Left,0.00,387.56,29.19
50.68,Right,0.00,392.27,36.12
50.68,Left,0.00,251.31,29.19
50.74,Right,0.00,392.27,36.12
50.74,Left,0.00,186.01,29.19
50.80,Right,0.00,392.27,36.12
50.80,Left,0.00,168.63,29.19
50.86,Right,0.00,392.27,36.12
50.86,Left,0.00,197.38,29.19
50.92,Right,0.00,392.27,36.12
50.92,Left,0.00,376.29,29.19
50.98,Right,0.00,392.27,36.12
50.98,Left,0.00,463.82,29.19
51.04,Right,0.00,392.27,36.12
51.04,Left,0.00,429.45,29.19
51.10,Right,0.00,392.27,36.12
51.10,Left,0.00,425.81,29.19
51.16,Right,0.00,392.27,36.12
51.16,Left,0.00,485.10,29.19
51.23,Right,0.00,392.27,36.12
51.23,Left,0.00,339.72,29.19
51.29,Right,0.00,392.27,36.12
51.29,Left,0.00,270.92,29.19
51.35,Right,0.00,392.27,36.12
51.35,Left,0.00,248.61,29.19
51.41,Right,0.00,392.27,36.12
51.41,Left,0.00,258.78,29.19
51.47,Right,0.00,392.27,36.12
51.47,Left,0.00,172.13,29.19
51.54,Right,0.00,392.27,36.12
51.54,Left,0.00,544.87,29.19
51.58,Right,0.00,392.27,36.12
51.58,Left,0.00,562.26,29.19
51.65,Right,0.00,392.27,36.12
51.65,Left,0.00,521.36,29.19
51.71,Right,0.00,392.27,36.12
51.71,Left,0.00,526.19,29.19
51.77,Right,0.00,392.27,36.12
51.77,Left,0.00,306.01,29.19
51.83,Right,0.00,392.27,36.12
51.83,Left,0.00,101.36,29.19
51.89,Right,0.00,392.27,36.12
51.89,Left,0.00,72.28,29.19
51.95,Right,0.00,392.27,36.12
51.95,Left,0.00,79.00,29.19
52.01,Right,0.00,392.27,36.12
52.01,Left,0.00,62.75,29.19
52.07,Right,0.00,392.27,36.12
52.07,Left,0.00,67.00,29.19
52.13,Right,0.00,392.27,36.12
52.13,Left,0.00,87.81,29.19
52.19,Right,0.00,392.27,36.12
52.19,Left,0.00,93.16,29.19
52.24,Right,0.00,392.27,36.12
52.24,Left,0.00,89.67,29.19
52.30,Right,0.00,392.27,36.12
52.30,Left,0.00,92.16,29.19
52.36,Right,0.00,392.27,36.12
52.36,Left,0.00,79.04,29.19
52.43,Right,0.00,392.27,36.12
52.43,Left,0.00,54.65,29.19
52.49,Right,0.00,392.27,36.12
52.49,Left,0.00,43.83,29.19
52.55,Right,0.00,392.27,36.12
52.55,Left,0.00,36.52,29.19
52.61,Right,0.00,392.27,36.12
52.61,Left,0.00,40.51,29.19
52.67,Right,0.00,392.27,36.12
52.67,Left,0.00,52.10,29.19
52.73,Right,0.00,392.27,36.12
52.73,Left,0.00,55.85,29.19
52.79,Right,0.00,392.27,36.12
52.79,Left,0.00,53.09,29.19
52.85,Right,0.00,392.27,36.12
52.85,Left,0.00,55.16,29.19
52.91,Right,0.00,392.27,36.12
52.91,Left,0.00,58.57,29.19
52.97,Right,0.00,392.27,36.12
52.97,Left,0.00,99.61,29.19
53.03,Right,0.00,392.27,36.12
53.03,Left,0.00,110.00,29.19
53.09,Right,0.00,392.27,36.12
53.09,Left,0.00,121.72,29.19
53.15,Right,0.00,392.27,36.12
53.15,Left,0.00,133.56,29.19
53.22,Right,0.00,589.51,36.12
53.22,Left,0.00,174.45,29.19
53.27,Right,0.00,618.50,36.12
53.27,Left,0.00,146.62,29.19
53.33,Right,0.00,639.22,36.12
53.33,Left,0.00,141.72,29.19
53.39,Right,0.00,794.53,36.12
53.39,Left,0.00,181.60,29.19
53.44,Right,0.00,879.68,36.12
53.44,Left,0.00,189.62,29.19
53.50,Right,0.00,608.29,36.12
53.50,Left,0.00,139.10,29.19
53.55,Right,0.00,613.67,36.12
53.55,Left,0.00,116.11,29.19
53.61,Right,0.00,619.72,36.12
53.61,Left,0.00,125.31,29.19
53.67,Right,0.00,605.48,36.12
53.67,Left,0.00,122.65,29.19
53.73,Right,0.00,570.33,36.12
53.73,Left,0.00,96.50,29.19
53.79,Right,0.00,544.58,36.12
53.79,Left,0.00,104.27,29.19
53.85,Right,0.00,478.56,36.12
53.85,Left,0.00,111.33,29.19
53.90,Right,0.00,392.19,36.12
53.90,Left,0.00,94.90,29.19
53.97,Right,0.00,196.07,36.12
53.97,Left,0.00,56.67,29.19
54.03,Right,0.00,85.43,36.12
54.03,Left,0.00,63.18,29.19
54.08,Right,0.00,41.63,36.12
54.08,Left,0.00,78.92,29.19
54.14,Right,0.00,33.90,36.12
54.14,Left,0.00,112.27,29.19
54.20,Right,0.00,45.16,36.12
54.20,Left,0.00,110.41,29.19
54.25,Right,0.00,58.77,36.12
54.25,Left,0.00,117.86,29.19
54.31,Right,0.00,63.92,36.12
54.31,Left,0.00,197.67,29.19
54.37,Right,0.00,67.98,36.12
54.37,Left,0.00,254.03,29.19
54.42,Right,0.00,66.12,36.12
54.42,Left,0.00,259.05,29.19
54.48,Right,0.00,83.42,36.12
54.48,Left,0.00,277.06,29.19
54.54,Right,0.00,119.38,36.12
54.54,Left,0.00,283.45,29.19
54.60,Right,0.00,204.57,36.12
54.60,Left,0.00,273.68,29.19
54.65,Right,0.00,217.45,36.12
54.65,Left,0.00,216.85,29.19
54.71,Right,0.00,233.65,36.12
54.71,Left,0.00,185.91,29.19
54.77,Right,0.00,236.19,36.12
54.77,Left,0.00,179.66,29.19
54.82,Right,0.00,274.94,36.12
54.82,Left,0.00,189.29,29.19
54.89,Right,0.00,329.32,36.12
54.89,Left,0.00,122.53,29.19
54.94,Right,0.00,349.95,36.12
54.94,Left,0.00,101.40,29.19
55.00,Right,0.00,391.70,36.12
55.00,Left,0.00,131.31,29.19
55.05,Right,0.00,366.02,36.12
55.05,Left,0.00,115.19,29.19
55.11,Right,0.00,287.44,36.12
55.11,Left,0.00,81.88,29.19
55.17,Right,0.00,142.23,36.12
55.17,Left,0.00,72.94,29.19
55.22,Right,0.00,111.42,36.12
55.22,Left,0.00,82.27,29.19
55.28,Right,0.00,64.01,36.12
55.28,Left,0.00,36.11,29.19
55.34,Right,0.00,115.31,36.12
55.34,Left,0.00,47.65,29.19
55.39,Right,0.00,126.20,36.12
55.39,Left,0.00,52.31,29.19
55.45,Right,0.00,146.67,36.12
55.45,Left,0.00,50.87,29.19
55.51,Right,0.00,217.26,36.12
55.51,Left,0.00,39.25,29.19
55.57,Right,0.00,197.66,36.12
55.57,Left,0.00,42.79,29.19
55.63,Right,0.00,173.61,36.12
55.63,Left,0.00,29.33,29.19
55.69,Right,0.00,190.38,36.12
55.69,Left,0.00,21.18,29.19
55.75,Right,0.00,244.88,36.12
55.75,Left,0.00,21.33,29.19
55.80,Right,0.00,241.59,36.12
55.80,Left,0.00,26.01,29.19
55.86,Right,0.00,256.01,36.12
55.86,Left,0.00,24.44,29.19
55.91,Right,0.00,237.64,38.81
55.91,Left,0.00,26.76,29.19
55.97,Right,0.00,209.87,38.81
55.97,Left,0.00,35.56,29.19
56.03,Right,0.00,240.11,38.81
56.03,Left,0.00,44.38,29.19
56.08,Right,0.00,178.07,38.81
56.08,Left,0.00,40.78,29.19
56.14,Right,0.00,174.59,38.81
56.14,Left,0.00,39.07,29.19
56.20,Right,0.00,177.08,38.81
56.20,Left,0.00,43.10,29.19
56.26,Right,0.00,198.92,38.81
56.26,Left,0.00,65.61,29.19
56.31,Right,0.00,98.50,38.81
56.31,Left,0.00,63.89,29.19
56.37,Right,0.00,92.77,39.16
56.37,Left,0.00,73.50,29.19
56.43,Right,0.00,139.75,39.16
56.43,Left,0.00,125.97,29.19
56.49,Right,0.00,247.20,39.16
56.49,Left,0.00,217.19,29.19
56.55,Right,0.00,293.09,39.16
56.55,Left,0.00,226.74,29.19
56.60,Right,0.00,365.13,39.16
56.60,Left,0.00,275.39,29.19
56.66,Right,0.00,401.82,39.16
56.66,Left,0.00,314.50,29.19
56.72,Right,0.00,489.45,39.16
56.72,Left,0.00,383.29,38.94
56.78,Right,0.00,427.91,39.16
56.78,Left,0.00,382.75,38.94
56.84,Right,0.00,358.69,39.16
56.84,Left,0.00,395.09,38.94
56.90,Right,0.00,280.24,39.16
56.90,Left,0.00,363.34,38.94
56.96,Right,0.00,246.53,39.16
56.96,Left,0.00,470.10,38.94
57.03,Right,0.00,97.33,39.16
57.03,Left,0.00,390.53,38.94
57.09,Right,0.00,39.02,39.16
57.09,Left,0.00,317.70,38.94
57.15,Right,0.00,61.41,39.16
57.15,Left,0.00,379.31,38.94
57.21,Right,0.00,73.95,39.16
57.21,Left,0.00,374.98,38.94
57.26,Right,0.00,63.31,39.16
57.26,Left,0.00,237.59,38.94
57.32,Right,0.00,65.66,39.16
57.32,Left,0.00,216.82,38.94
57.38,Right,0.00,69.61,39.16
57.38,Left,0.00,262.27,38.94
57.43,Right,0.00,41.41,39.16
57.43,Left,0.00,165.74,38.94
57.49,Right,0.00,28.85,39.16
57.49,Left,0.00,146.50,38.94
57.55,Right,0.00,33.34,39.16
57.55,Left,0.00,135.76,38.94
57.61,Right,0.00,60.77,39.16
57.61,Left,0.00,203.23,38.94
57.67,Right,0.00,71.59,39.16
57.67,Left,0.00,139.31,38.94
57.73,Right,0.00,84.37,39.16
57.73,Left,0.00,171.68,38.94
57.79,Right,0.00,112.04,39.16
57.79,Left,0.00,215.81,38.94
57.84,Right,0.00,242.91,39.16
57.84,Left,0.00,215.81,38.94
57.91,Right,0.00,270.02,39.16
57.91,Left,0.00,215.81,38.94
57.99,Right,0.00,291.42,39.16
57.99,Left,0.00,215.81,38.94
58.06,Right,0.00,532.80,39.16
58.06,Left,0.00,215.81,38.94
58.10,Right,0.00,545.80,39.16
58.10,Left,0.00,215.81,38.94
58.16,Right,0.00,513.97,39.16
58.16,Left,0.00,215.81,38.94
58.22,Right,0.00,599.91,39.16
58.22,Left,0.00,215.81,38.94
58.28,Right,0.00,448.57,41.01
58.28,Left,0.00,215.81,38.94
58.34,Right,0.00,426.30,41.01
58.34,Left,0.00,215.81,38.94
58.40,Right,0.00,370.97,41.01
58.40,Left,0.00,215.81,38.94
58.46,Right,0.00,426.66,41.01
58.46,Left,0.00,215.81,38.94
58.52,Right,0.00,413.10,41.01
58.52,Left,0.00,215.81,38.94
58.59,Right,0.00,465.86,41.01
58.59,Left,0.00,215.81,38.94
58.65,Right,0.00,483.79,41.01
58.65,Left,0.00,215.81,38.94
58.71,Right,0.00,473.04,41.01
58.71,Left,0.00,215.81,38.94
58.77,Right,0.00,485.16,41.01
58.77,Left,0.00,215.81,38.94
58.83,Right,0.00,402.65,41.01
58.83,Left,0.00,215.81,38.94
58.89,Right,0.00,335.90,41.01
58.89,Left,0.00,215.81,38.94
58.95,Right,0.00,423.03,41.01
58.95,Left,0.00,215.81,38.94
59.01,Right,0.00,366.84,41.01
59.01,Left,0.00,215.81,38.94
59.07,Right,0.00,288.41,41.01
59.07,Left,0.00,215.81,38.94
59.13,Right,0.00,295.00,41.01
59.13,Left,0.00,215.81,38.94
59.19,Right,0.00,279.55,41.01
59.19,Left,0.00,215.81,38.94
59.25,Right,0.00,124.80,41.01
59.25,Left,0.00,215.81,38.94
59.31,Right,0.00,116.84,41.01
59.31,Left,0.00,215.81,38.94
59.37,Right,0.00,152.21,41.01
59.37,Left,0.00,215.81,38.94
59.43,Right,0.00,141.69,41.01
59.43,Left,0.00,215.81,38.94
59.49,Right,0.00,147.11,41.01
59.49,Left,0.00,215.81,38.94
59.55,Right,0.00,149.37,41.01
59.55,Left,0.00,215.81,38.94
59.60,Right,0.00,171.99,41.01
59.60,Left,0.00,215.81,38.94
59.68,Right,0.00,450.82,41.01
59.68,Left,0.00,215.81,38.94
59.72,Right,0.00,651.81,41.01
59.72,Left,0.00,215.81,38.94
59.78,Right,0.00,696.86,41.01
59.78,Left,0.00,215.81,38.94
59.84,Right,0.00,698.39,41.01
59.84,Left,0.00,215.81,38.94
59.91,Right,0.00,762.29,41.01
59.91,Left,0.00,215.81,38.94
59.97,Right,0.00,797.47,41.01
59.97,Left,0.00,215.81,38.94
60.03,Right,0.00,701.81,41.01
60.03,Left,0.00,215.81,38.94
60.09,Right,0.00,701.81,41.01
60.09,Left,0.00,215.81,38.94
60.14,Right,0.00,701.81,41.01
60.14,Left,0.00,215.81,38.94
60.20,Right,0.00,1088.78,42.87
60.20,Left,0.00,215.81,38.94
60.26,Right,0.00,1282.45,42.87
60.26,Left,0.00,215.81,38.94
60.32,Right,0.00,1038.06,42.93
60.32,Left,0.00,215.81,38.94
60.38,Right,0.00,1059.18,42.93
60.38,Left,0.00,215.81,38.94
60.45,Right,0.00,660.47,42.93
60.45,Left,0.00,215.81,38.94
60.50,Right,0.00,660.47,42.93
60.50,Left,0.00,215.81,38.94
60.55,Right,0.00,660.47,42.93
60.55,Left,0.00,215.81,38.94
60.60,Right,0.00,660.47,42.93
60.60,Left,0.00,215.81,38.94
60.64,Right,0.00,660.47,42.93
60.64,Left,0.00,215.81,38.94
60.69,Right,0.00,660.47,42.93
60.69,Left,0.00,215.81,38.94
60.73,Right,0.00,660.47,42.93
60.73,Left,0.00,215.81,38.94
60.78,Right,0.00,660.47,42.93
60.78,Left,0.00,215.81,38.94
60.83,Right,0.00,660.47,42.93
60.83,Left,0.00,215.81,38.94
60.88,Right,0.00,660.47,42.93
60.88,Left,0.00,215.81,38.94
60.92,Right,0.00,660.47,42.93
60.92,Left,0.00,215.81,38.94
60.97,Right,0.00,660.47,42.93
60.97,Left,0.00,215.81,38.94
61.02,Right,0.00,660.47,42.93
61.02,Left,0.00,215.81,38.94
61.07,Right,0.00,660.47,42.93
61.07,Left,0.00,215.81,38.94
61.11,Right,0.00,660.47,42.93
61.11,Left,0.00,215.81,38.94
61.16,Right,0.00,660.47,42.93
61.16,Left,0.00,215.81,38.94
61.21,Right,0.00,660.47,42.93
61.21,Left,0.00,215.81,38.94
61.25,Right,0.00,660.47,42.93
61.25,Left,0.00,215.81,38.94
61.30,Right,0.00,660.47,42.93
61.30,Left,0.00,215.81,38.94
61.34,Right,0.00,660.47,42.93
61.34,Left,0.00,215.81,38.94
61.39,Right,0.00,660.47,42.93
61.39,Left,0.00,215.81,38.94
61.43,Right,0.00,660.47,42.93
61.43,Left,0.00,215.81,38.94
61.48,Right,0.00,660.47,42.93
61.48,Left,0.00,215.81,38.94
61.53,Right,0.00,660.47,42.93
61.53,Left,0.00,215.81,38.94
61.58,Right,0.00,660.47,42.93
61.58,Left,0.00,215.81,38.94
61.62,Right,0.00,660.47,42.93
61.62,Left,0.00,215.81,38.94
61.68,Right,0.00,660.47,42.93
61.68,Left,0.00,215.81,38.94
61.73,Right,0.00,660.47,42.93
61.73,Left,0.00,215.81,38.94
61.78,Right,0.00,660.47,42.93
61.78,Left,0.00,215.81,38.94
61.83,Right,0.00,660.47,42.93
61.83,Left,0.00,215.81,38.94
61.87,Right,0.00,660.47,42.93
61.87,Left,0.00,215.81,38.94
61.92,Right,0.00,660.47,42.93
61.92,Left,0.00,215.81,38.94
61.96,Right,0.00,660.47,42.93
61.96,Left,0.00,215.81,38.94
62.01,Right,0.00,660.47,42.93
62.01,Left,0.00,215.81,38.94
62.06,Right,0.00,660.47,42.93
62.06,Left,0.00,215.81,38.94
62.11,Right,0.00,660.47,42.93
62.11,Left,0.00,215.81,38.94
62.15,Right,0.00,660.47,42.93
62.15,Left,0.00,215.81,38.94
62.20,Right,0.00,660.47,42.93
62.20,Left,0.00,215.81,38.94
62.25,Right,0.00,660.47,42.93
62.25,Left,0.00,215.81,38.94
62.30,Right,0.00,660.47,42.93
62.30,Left,0.00,215.81,38.94
62.34,Right,0.00,660.47,42.93
62.34,Left,0.00,215.81,38.94
62.39,Right,0.00,660.47,42.93
62.39,Left,0.00,215.81,38.94
62.44,Right,0.00,660.47,42.93
62.44,Left,0.00,215.81,38.94
62.48,Right,0.00,660.47,42.93
62.48,Left,0.00,215.81,38.94
62.53,Right,0.00,660.47,42.93
62.53,Left,0.00,215.81,38.94
62.58,Right,0.00,660.47,42.93
62.58,Left,0.00,215.81,38.94
62.62,Right,0.00,660.47,42.93
62.62,Left,0.00,215.81,38.94
62.67,Right,0.00,660.47,42.93
62.67,Left,0.00,215.81,38.94
62.71,Right,0.00,660.47,42.93
62.71,Left,0.00,215.81,38.94
62.76,Right,0.00,660.47,42.93
62.76,Left,0.00,215.81,38.94
62.81,Right,0.00,660.47,42.93
62.81,Left,0.00,215.81,38.94
62.85,Right,0.00,660.47,42.93
62.85,Left,0.00,215.81,38.94
62.90,Right,0.00,660.47,42.93
62.90,Left,0.00,215.81,38.94
62.95,Right,0.00,660.47,42.93
62.95,Left,0.00,215.81,38.94
63.00,Right,0.00,660.47,42.93
63.00,Left,0.00,215.81,38.94
63.05,Right,0.00,660.47,42.93
63.05,Left,0.00,215.81,38.94
63.09,Right,0.00,660.47,42.93
63.09,Left,0.00,215.81,38.94
63.14,Right,0.00,660.47,42.93
63.14,Left,0.00,215.81,38.94
63.19,Right,0.00,660.47,42.93
63.19,Left,0.00,215.81,38.94
63.24,Right,0.00,660.47,42.93
63.24,Left,0.00,215.81,38.94
63.29,Right,0.00,660.47,42.93
63.29,Left,0.00,215.81,38.94
63.33,Right,0.00,660.47,42.93
63.33,Left,0.00,215.81,38.94
63.38,Right,0.00,660.47,42.93
63.38,Left,0.00,215.81,38.94
63.43,Right,0.00,660.47,42.93
63.43,Left,0.00,215.81,38.94
63.47,Right,0.00,660.47,42.93
63.47,Left,0.00,215.81,38.94
63.52,Right,0.00,660.47,42.93
63.52,Left,0.00,215.81,38.94
63.56,Right,0.00,660.47,42.93
63.56,Left,0.00,215.81,38.94
63.61,Right,0.00,660.47,42.93
63.61,Left,0.00,215.81,38.94
63.66,Right,0.00,660.47,42.93
63.66,Left,0.00,215.81,38.94
63.71,Right,0.00,660.47,42.93
63.71,Left,0.00,215.81,38.94
63.75,Right,0.00,660.47,42.93
63.75,Left,0.00,215.81,38.94
63.80,Right,0.00,660.47,42.93
63.80,Left,0.00,215.81,38.94
63.85,Right,0.00,660.47,42.93
63.85,Left,0.00,215.81,38.94
63.89,Right,0.00,660.47,42.93
63.89,Left,0.00,215.81,38.94
63.94,Right,0.00,660.47,42.93
63.94,Left,0.00,215.81,38.94
63.99,Right,0.00,660.47,42.93
63.99,Left,0.00,215.81,38.94
64.04,Right,0.00,660.47,42.93
64.04,Left,0.00,215.81,38.94
64.08,Right,0.00,660.47,42.93
64.08,Left,0.00,215.81,38.94
64.13,Right,0.00,660.47,42.93
64.13,Left,0.00,215.81,38.94
64.18,Right,0.00,660.47,42.93
64.18,Left,0.00,215.81,38.94
64.22,Right,0.00,660.47,42.93
64.22,Left,0.00,215.81,38.94
64.27,Right,0.00,660.47,42.93
64.27,Left,0.00,215.81,38.94
64.31,Right,0.00,660.47,42.93
64.31,Left,0.00,215.81,38.94
64.36,Right,0.00,660.47,42.93
64.36,Left,0.00,215.81,38.94
64.41,Right,0.00,660.47,42.93
64.41,Left,0.00,215.81,38.94
64.46,Right,0.00,660.47,42.93
64.46,Left,0.00,215.81,38.94
64.51,Right,0.00,660.47,42.93
64.51,Left,0.00,215.81,38.94
64.55,Right,0.00,660.47,42.93
64.55,Left,0.00,215.81,38.94
64.60,Right,0.00,660.47,42.93
64.60,Left,0.00,215.81,38.94
64.65,Right,0.00,660.47,42.93
64.65,Left,0.00,215.81,38.94
64.70,Right,0.00,660.47,42.93
64.70,Left,0.00,215.81,38.94
64.76,Right,0.00,660.47,42.93
64.76,Left,0.00,215.81,38.94
64.81,Right,0.00,660.47,42.93
64.81,Left,0.00,215.81,38.94
64.85,Right,0.00,660.47,42.93
64.85,Left,0.00,215.81,38.94
64.90,Right,0.00,660.47,42.93
64.90,Left,0.00,215.81,38.94
64.95,Right,0.00,660.47,42.93
64.95,Left,0.00,215.81,38.94
65.01,Right,0.00,660.47,42.93
65.01,Left,0.00,215.81,38.94
65.06,Right,0.00,660.47,42.93
65.06,Left,0.00,215.81,38.94
65.11,Right,0.00,660.47,42.93
65.11,Left,0.00,215.81,38.94
65.15,Right,0.00,660.47,42.93
65.15,Left,0.00,215.81,38.94
65.20,Right,0.00,660.47,42.93
65.20,Left,0.00,215.81,38.94
65.26,Right,0.00,1380.10,42.93
65.26,Left,0.00,215.81,38.94
65.32,Right,0.00,1368.71,42.93
65.32,Left,0.00,215.81,38.94
65.38,Right,0.00,1214.42,42.93
65.38,Left,0.00,215.81,38.94
65.44,Right,0.00,1099.24,42.93
65.44,Left,0.00,215.81,38.94
65.49,Right,0.00,1062.38,42.93
65.49,Left,0.00,215.81,38.94
65.55,Right,0.00,105.20,42.93
65.55,Left,0.00,215.81,38.94
65.61,Right,0.00,72.97,42.93
65.61,Left,0.00,215.81,38.94
65.68,Right,0.00,60.59,42.93
65.68,Left,0.00,215.81,38.94
65.74,Right,0.00,62.78,42.93
65.74,Left,0.00,215.81,38.94
65.80,Right,0.00,67.40,42.93
65.80,Left,0.00,215.81,38.94
65.86,Right,0.00,73.02,42.93
65.86,Left,0.00,215.81,38.94
65.92,Right,0.00,72.87,42.93
65.92,Left,0.00,215.81,38.94
65.98,Right,0.00,61.40,42.93
65.98,Left,0.00,215.81,38.94
66.04,Right,0.00,61.31,42.93
66.04,Left,0.00,215.81,38.94
66.10,Right,0.00,52.87,42.93
66.10,Left,0.00,215.81,38.94
66.16,Right,0.00,53.07,42.93
66.16,Left,0.00,215.81,38.94
66.22,Right,0.00,54.99,42.93
66.22,Left,0.00,215.81,38.94
66.29,Right,0.00,48.37,42.93
66.29,Left,0.00,215.81,38.94
66.35,Right,0.00,48.00,42.93
66.35,Left,0.00,215.81,38.94
66.42,Right,0.00,51.57,42.93
66.42,Left,0.00,215.81,38.94
66.48,Right,0.00,56.56,42.93
66.48,Left,0.00,215.81,38.94
66.54,Right,0.00,70.44,42.93
66.54,Left,0.00,215.81,38.94
66.60,Right,0.00,153.49,42.93
66.60,Left,0.00,215.81,38.94
66.66,Right,0.00,153.49,42.93
66.66,Left,0.00,215.81,38.94
66.72,Right,0.00,153.49,42.93
66.72,Left,0.00,215.81,38.94
66.76,Right,0.00,153.49,42.93
66.76,Left,0.00,215.81,38.94
66.81,Right,0.00,153.49,42.93
66.81,Left,0.00,215.81,38.94
66.87,Right,0.00,153.49,42.93
66.87,Left,0.00,215.81,38.94
66.92,Right,0.00,153.49,42.93
66.92,Left,0.00,215.81,38.94
66.97,Right,0.00,153.49,42.93
66.97,Left,0.00,215.81,38.94
67.02,Right,0.00,153.49,42.93
67.02,Left,0.00,215.81,38.94
67.06,Right,0.00,153.49,42.93
67.06,Left,0.00,215.81,38.94
67.11,Right,0.00,153.49,42.93
67.11,Left,0.00,215.81,38.94
67.16,Right,0.00,153.49,42.93
67.16,Left,0.00,215.81,38.94
67.21,Right,0.00,153.49,42.93
67.21,Left,0.00,215.81,38.94
67.26,Right,0.00,153.49,42.93
67.26,Left,0.00,215.81,38.94
67.30,Right,0.00,153.49,42.93
67.30,Left,0.00,215.81,38.94
67.35,Right,0.00,153.49,42.93
67.35,Left,0.00,215.81,38.94
67.40,Right,0.00,153.49,42.93
67.40,Left,0.00,215.81,38.94
67.45,Right,0.00,153.49,42.93
67.45,Left,0.00,215.81,38.94
67.49,Right,0.00,153.49,42.93
67.49,Left,0.00,215.81,38.94
67.54,Right,0.00,153.49,42.93
67.54,Left,0.00,215.81,38.94
67.59,Right,0.00,153.49,42.93
67.59,Left,0.00,215.81,38.94
67.64,Right,0.00,153.49,42.93
67.64,Left,0.00,215.81,38.94
67.68,Right,0.00,153.49,42.93
67.68,Left,0.00,215.81,38.94
67.74,Right,0.00,692.88,45.42
67.74,Left,0.00,215.81,38.94
67.80,Right,0.00,728.42,45.42
67.80,Left,0.00,215.81,38.94
67.88,Right,0.00,1179.69,45.42
67.88,Left,0.00,215.81,38.94
67.93,Right,0.00,1179.69,45.42
67.93,Left,0.00,215.81,38.94
67.99,Right,0.00,1889.82,45.42
67.99,Left,0.00,215.81,38.94
68.06,Right,0.00,1447.46,45.42
68.06,Left,0.00,215.81,38.94
68.12,Right,0.00,1493.32,45.42
68.12,Left,0.00,215.81,38.94
68.17,Right,0.00,1450.29,45.42
68.17,Left,0.00,215.81,38.94
68.23,Right,0.00,1384.10,45.42
68.23,Left,0.00,215.81,38.94
68.29,Right,0.00,675.71,45.42
68.29,Left,0.00,215.81,38.94
68.36,Right,0.00,1892.32,45.42
68.36,Left,0.00,215.81,38.94
68.41,Right,0.00,1778.16,45.42
68.41,Left,0.00,215.81,38.94
68.47,Right,0.00,1695.63,45.42
68.47,Left,0.00,215.81,38.94
68.53,Right,0.00,1824.60,45.42
68.53,Left,0.00,215.81,38.94
68.59,Right,0.00,1204.00,45.42
68.59,Left,0.00,215.81,38.94
68.65,Right,0.00,694.97,45.42
68.65,Left,0.00,215.81,38.94
68.71,Right,0.00,663.79,45.42
68.71,Left,0.00,215.81,38.94
68.77,Right,0.00,645.30,45.42
68.77,Left,0.00,215.81,38.94
68.83,Right,0.00,507.90,45.42
68.83,Left,0.00,215.81,38.94
68.89,Right,0.00,455.91,45.42
68.89,Left,0.00,215.81,38.94
68.95,Right,0.00,368.61,45.42
68.95,Left,0.00,215.81,38.94
69.01,Right,0.00,306.68,45.42
69.01,Left,0.00,215.81,38.94
69.07,Right,0.00,339.42,45.42
69.07,Left,0.00,215.81,38.94
69.13,Right,0.00,322.37,45.42
69.13,Left,0.00,215.81,38.94
69.19,Right,0.00,262.05,45.42
69.19,Left,0.00,215.81,38.94
69.24,Right,0.00,256.75,45.42
69.24,Left,0.00,215.81,38.94
69.30,Right,0.00,255.77,45.42
69.30,Left,0.00,215.81,38.94
69.36,Right,0.00,229.26,45.42
69.36,Left,0.00,215.81,38.94
69.42,Right,0.00,186.01,45.42
69.42,Left,0.00,215.81,38.94
69.48,Right,0.00,179.90,45.42
69.48,Left,0.00,215.81,38.94
69.55,Right,0.00,119.11,45.42
69.55,Left,0.00,215.81,38.94
69.61,Right,0.00,100.41,45.42
69.61,Left,0.00,215.81,38.94
69.67,Right,0.00,64.70,45.42
69.67,Left,0.00,215.81,38.94
69.73,Right,0.00,75.61,45.42
69.73,Left,0.00,215.81,38.94
69.79,Right,0.00,112.71,45.42
69.79,Left,0.00,215.81,38.94
69.85,Right,0.00,130.58,45.42
69.85,Left,0.00,215.81,38.94
69.91,Right,0.00,170.58,45.42
69.91,Left,0.00,215.81,38.94
69.97,Right,0.00,175.38,45.42
69.97,Left,0.00,215.81,38.94
70.03,Right,0.00,249.83,45.42
70.03,Left,0.00,215.81,38.94
70.09,Right,0.00,255.49,45.42
70.09,Left,0.00,215.81,38.94
70.15,Right,0.00,274.37,45.42
70.15,Left,0.00,215.81,38.94
70.21,Right,0.00,383.17,45.42
70.21,Left,0.00,215.81,38.94
70.27,Right,0.00,418.08,45.42
70.27,Left,0.00,215.81,38.94
70.32,Right,0.00,342.02,45.42
70.32,Left,0.00,215.81,38.94
70.38,Right,0.00,322.77,45.42
70.38,Left,0.00,215.81,38.94
70.44,Right,0.00,368.91,45.42
70.44,Left,0.00,215.81,38.94
70.50,Right,0.00,253.21,45.42
70.50,Left,0.00,215.81,38.94
70.56,Right,0.00,209.79,45.42
70.56,Left,0.00,215.81,38.94
70.62,Right,0.00,198.29,45.42
70.62,Left,0.00,215.81,38.94
70.68,Right,0.00,304.95,45.42
70.68,Left,0.00,215.81,38.94
70.74,Right,0.00,265.75,45.42
70.74,Left,0.00,215.81,38.94
70.80,Right,0.00,294.92,45.42
70.80,Left,0.00,215.81,38.94
70.86,Right,0.00,346.61,45.42
70.86,Left,0.00,215.81,38.94
70.93,Right,0.00,505.22,45.42
70.93,Left,0.00,215.81,38.94
71.00,Right,0.00,457.02,45.42
71.00,Left,0.00,215.81,38.94
71.06,Right,0.00,483.99,45.42
71.06,Left,0.00,215.81,38.94
71.12,Right,0.00,754.56,45.42
71.12,Left,0.00,215.81,38.94
71.18,Right,0.00,853.23,45.42
71.18,Left,0.00,215.81,38.94
71.24,Right,0.00,763.61,45.42
71.24,Left,0.00,215.81,38.94
71.30,Right,0.00,779.85,45.42
71.30,Left,0.00,215.81,38.94
71.36,Right,0.00,1028.18,45.42
71.36,Left,0.00,215.81,38.94
71.42,Right,0.00,825.76,45.42
71.42,Left,0.00,215.81,38.94
71.48,Right,0.00,733.75,45.42
71.48,Left,0.00,215.81,38.94
71.54,Right,0.00,739.44,45.42
71.54,Left,0.00,215.81,38.94
71.60,Right,0.00,1014.36,45.42
71.60,Left,0.00,215.81,38.94
71.66,Right,0.00,750.76,45.42
71.66,Left,0.00,215.81,38.94
71.72,Right,0.00,709.35,45.42
71.72,Left,0.00,215.81,38.94
71.77,Right,0.00,739.98,46.26
71.77,Left,0.00,215.81,38.94
71.83,Right,0.00,783.29,46.26
71.83,Left,0.00,215.81,38.94
71.89,Right,0.00,454.75,46.26
71.89,Left,0.00,215.81,38.94
71.95,Right,0.00,466.13,46.26
71.95,Left,0.00,215.81,38.94
72.01,Right,0.00,455.18,46.26
72.01,Left,0.00,215.81,38.94
72.07,Right,0.00,355.72,46.26
72.07,Left,0.00,215.81,38.94
72.13,Right,0.00,355.72,46.26
72.13,Left,0.00,215.81,38.94
72.18,Right,0.00,355.72,46.26
72.18,Left,0.00,215.81,38.94
72.23,Right,0.00,355.72,46.26
72.23,Left,0.00,215.81,38.94
72.27,Right,0.00,355.72,46.26
72.27,Left,0.00,215.81,38.94
72.33,Right,0.00,355.72,46.26
72.33,Left,0.00,215.81,38.94
72.37,Right,0.00,355.72,46.26
72.37,Left,0.00,215.81,38.94
72.42,Right,0.00,355.72,46.26
72.42,Left,0.00,215.81,38.94
72.47,Right,0.00,355.72,46.26
72.47,Left,0.00,215.81,38.94
72.53,Right,0.00,355.72,46.26
72.53,Left,0.00,215.81,38.94
72.59,Right,0.00,355.72,46.26
72.59,Left,0.00,215.81,38.94
72.63,Right,0.00,355.72,46.26
72.63,Left,0.00,215.81,38.94
72.68,Right,0.00,355.72,46.26
72.68,Left,0.00,215.81,38.94
72.73,Right,0.00,355.72,46.26
72.73,Left,0.00,215.81,38.94
72.78,Right,0.00,355.72,46.26
72.78,Left,0.00,215.81,38.94
72.82,Right,0.00,355.72,46.26
72.82,Left,0.00,215.81,38.94
72.87,Right,0.00,355.72,46.26
72.87,Left,0.00,215.81,38.94
72.92,Right,0.00,355.72,46.26
72.92,Left,0.00,215.81,38.94
72.97,Right,0.00,355.72,46.26
72.97,Left,0.00,215.81,38.94
73.02,Right,0.00,355.72,46.26
73.02,Left,0.00,215.81,38.94
73.06,Right,0.00,355.72,46.26
73.06,Left,0.00,215.81,38.94
73.11,Right,0.00,355.72,46.26
73.11,Left,0.00,215.81,38.94
73.16,Right,0.00,355.72,46.26
73.16,Left,0.00,215.81,38.94
73.21,Right,0.00,355.72,46.26
73.21,Left,0.00,215.81,38.94
73.25,Right,0.00,355.72,46.26
73.25,Left,0.00,215.81,38.94
73.30,Right,0.00,355.72,46.26
73.30,Left,0.00,215.81,38.94
73.34,Right,0.00,355.72,46.26
73.34,Left,0.00,215.81,38.94
73.39,Right,0.00,355.72,46.26
73.39,Left,0.00,215.81,38.94
73.44,Right,0.00,355.72,46.26
73.44,Left,0.00,215.81,38.94
73.48,Right,0.00,355.72,46.26
73.48,Left,0.00,215.81,38.94
73.53,Right,0.00,355.72,46.26
73.53,Left,0.00,215.81,38.94
73.58,Right,0.00,355.72,46.26
73.58,Left,0.00,215.81,38.94
73.63,Right,0.00,355.72,46.26
73.63,Left,0.00,215.81,38.94
73.68,Right,0.00,355.72,46.26
73.68,Left,0.00,215.81,38.94
73.73,Right,0.00,355.72,46.26
73.73,Left,0.00,215.81,38.94
73.78,Right,0.00,355.72,46.26
73.78,Left,0.00,215.81,38.94
73.83,Right,0.00,355.72,46.26
73.83,Left,0.00,215.81,38.94
73.88,Right,0.00,355.72,46.26
73.88,Left,0.00,215.81,38.94
73.93,Right,0.00,355.72,46.26
73.93,Left,0.00,215.81,38.94
73.98,Right,0.00,355.72,46.26
73.98,Left,0.00,215.81,38.94
74.03,Right,0.00,355.72,46.26
74.03,Left,0.00,215.81,38.94
74.08,Right,0.00,355.72,46.26
74.08,Left,0.00,215.81,38.94
74.13,Right,0.00,355.72,46.26
74.13,Left,0.00,215.81,38.94
74.18,Right,0.00,355.72,46.26
74.18,Left,0.00,215.81,38.94
74.24,Right,0.00,355.72,46.26
74.24,Left,0.00,215.81,38.94
74.29,Right,0.00,355.72,46.26
74.29,Left,0.00,215.81,38.94
74.33,Right,0.00,355.72,46.26
74.33,Left,0.00,215.81,38.94
74.38,Right,0.00,355.72,46.26
74.38,Left,0.00,215.81,38.94
74.43,Right,0.00,355.72,46.26
74.43,Left,0.00,215.81,38.94
74.48,Right,0.00,355.72,46.26
74.48,Left,0.00,215.81,38.94
74.53,Right,0.00,355.72,46.26
74.53,Left,0.00,215.81,38.94
74.58,Right,0.00,355.72,46.26
74.58,Left,0.00,215.81,38.94
74.62,Right,0.00,355.72,46.26
74.62,Left,0.00,215.81,38.94
74.67,Right,0.00,355.72,46.26
74.67,Left,0.00,215.81,38.94
74.72,Right,0.00,355.72,46.26
74.72,Left,0.00,215.81,38.94
74.77,Right,0.00,355.72,46.26
74.77,Left,0.00,215.81,38.94
75.08,Right,0.00,355.72,46.26
75.08,Left,0.00,215.81,38.94
75.23,Right,0.00,355.72,46.26
75.23,Left,0.00,215.81,38.94
75.31,Right,0.00,355.72,46.26
75.31,Left,0.00,215.81,38.94
75.37,Right,0.00,355.72,46.26
75.37,Left,0.00,215.81,38.94
75.42,Right,0.00,355.72,46.26
75.42,Left,0.00,215.81,38.94
75.47,Right,0.00,355.72,46.26
75.47,Left,0.00,215.81,38.94
75.51,Right,0.00,355.72,46.26
75.51,Left,0.00,215.81,38.94
75.57,Right,0.00,355.72,46.26
75.57,Left,0.00,215.81,38.94
75.61,Right,0.00,355.72,46.26
75.61,Left,0.00,215.81,38.94
75.68,Right,0.00,355.72,46.26
75.68,Left,0.00,215.81,38.94
75.73,Right,0.00,355.72,46.26
75.73,Left,0.00,215.81,38.94
75.78,Right,0.00,355.72,46.26
75.78,Left,0.00,215.81,38.94
75.84,Right,0.00,355.72,46.26
75.84,Left,0.00,215.81,38.94
75.89,Right,0.00,355.72,46.26
75.89,Left,0.00,215.81,38.94
75.93,Right,0.00,355.72,46.26
75.93,Left,0.00,215.81,38.94
75.98,Right,0.00,355.72,46.26
75.98,Left,0.00,215.81,38.94
76.03,Right,0.00,355.72,46.26
76.03,Left,0.00,215.81,38.94
76.08,Right,0.00,355.72,46.26
76.08,Left,0.00,215.81,38.94
76.13,Right,0.00,355.72,46.26
76.13,Left,0.00,215.81,38.94
76.17,Right,0.00,355.72,46.26
76.17,Left,0.00,215.81,38.94
76.22,Right,0.00,355.72,46.26
76.22,Left,0.00,215.81,38.94
76.27,Right,0.00,355.72,46.26
76.27,Left,0.00,215.81,38.94
